{
  "subject": "abstract_algebra",
  "total_questions": 5,
  "correct_count": 0,
  "wrong_count": 5,
  "accuracy_rate": 0.0,
  "answer_not_found": {
    "count": 0,
    "question_indices": []
  },
  "performance_metrics": {
    "avg_prompt_processing_rate_toks_per_sec": 1015.95,
    "avg_token_generation_rate_toks_per_sec": 34.892,
    "total_processed_answers": 5
  },
  "detailed_metrics": {
    "init_time_us": [
      989356.0,
      1608944.0,
      919670.0,
      1125191.0,
      1478607.0
    ],
    "prompt_processing_time_us": [
      154954.0,
      156682.0,
      151072.0,
      148884.0,
      157839.0
    ],
    "prompt_processing_rate_toks_per_sec": [
      916.590271,
      919.117676,
      1046.025146,
      1088.139282,
      1109.87793
    ],
    "token_generation_time_us": [
      117488.0,
      117728.0,
      113684.0,
      112873.0,
      111684.0
    ],
    "token_generation_rate_toks_per_sec": [
      34.046032,
      33.976624,
      35.185249,
      35.438374,
      35.815334
    ]
  }
}