{
  "subject": "abstract_algebra",
  "total_questions": 5,
  "correct_count": 0,
  "wrong_count": 5,
  "accuracy_rate": 0.0,
  "answer_not_found": {
    "count": 0,
    "question_indices": []
  },
  "performance_metrics": {
    "avg_prompt_processing_rate_toks_per_sec": 1026.045,
    "avg_token_generation_rate_toks_per_sec": 33.404,
    "total_processed_answers": 5
  },
  "detailed_metrics": {
    "init_time_us": [
      1729676.0,
      2029190.0,
      1206052.0,
      1100031.0,
      1102639.0
    ],
    "prompt_processing_time_us": [
      153583.0,
      154498.0,
      150558.0,
      150578.0,
      152887.0
    ],
    "prompt_processing_rate_toks_per_sec": [
      925.069397,
      932.835815,
      1050.420166,
      1076.42627,
      1145.475342
    ],
    "token_generation_time_us": [
      112056.0,
      117516.0,
      112730.0,
      117868.0,
      143541.0
    ],
    "token_generation_rate_toks_per_sec": [
      35.696438,
      34.037918,
      35.483643,
      33.936268,
      27.866796
    ]
  }
}