{
  "subject": "abstract_algebra",
  "total_questions": 5,
  "correct_count": 0,
  "wrong_count": 5,
  "accuracy_rate": 0.0,
  "answer_not_found": {
    "count": 0,
    "question_indices": []
  },
  "performance_metrics": {
    "avg_prompt_processing_rate_toks_per_sec": 1018.702,
    "avg_token_generation_rate_toks_per_sec": 35.31,
    "total_processed_answers": 5
  },
  "detailed_metrics": {
    "init_time_us": [
      2082703.0,
      1625827.0,
      1001980.0,
      1220995.0,
      1226231.0
    ],
    "prompt_processing_time_us": [
      153190.0,
      153522.0,
      153589.0,
      150945.0,
      155598.0
    ],
    "prompt_processing_rate_toks_per_sec": [
      927.643799,
      938.086304,
      1028.806641,
      1074.113892,
      1124.859375
    ],
    "token_generation_time_us": [
      112255.0,
      112186.0,
      114184.0,
      114961.0,
      112892.0
    ],
    "token_generation_rate_toks_per_sec": [
      35.634109,
      35.655708,
      35.031178,
      34.794712,
      35.432095
    ]
  }
}