{
  "subject": "anatomy",
  "total_questions": 5,
  "correct_count": 1,
  "wrong_count": 4,
  "accuracy_rate": 0.2,
  "answer_not_found": {
    "count": 1,
    "question_indices": [
      1
    ]
  },
  "performance_metrics": {
    "avg_prompt_processing_rate_toks_per_sec": 1091.886,
    "avg_token_generation_rate_toks_per_sec": 33.314,
    "total_processed_answers": 5
  },
  "detailed_metrics": {
    "init_time_us": [
      989138.0,
      1383953.0,
      1313385.0,
      1046725.0,
      1073343.0
    ],
    "prompt_processing_time_us": [
      160460.0,
      152100.0,
      153095.0,
      153237.0,
      76851.0
    ],
    "prompt_processing_rate_toks_per_sec": [
      909.918091,
      954.198486,
      1033.057861,
      959.692871,
      1602.564087
    ],
    "token_generation_time_us": [
      122590.0,
      4423066.0,
      114007.0,
      111867.0,
      111917.0
    ],
    "token_generation_rate_toks_per_sec": [
      32.62962,
      27.356787,
      35.086487,
      35.757706,
      35.741093
    ]
  }
}