{
  "subject": "anatomy",
  "total_questions": 5,
  "correct_count": 1,
  "wrong_count": 4,
  "accuracy_rate": 0.2,
  "answer_not_found": {
    "count": 1,
    "question_indices": [
      1
    ]
  },
  "performance_metrics": {
    "avg_prompt_processing_rate_toks_per_sec": 1093.178,
    "avg_token_generation_rate_toks_per_sec": 33.557,
    "total_processed_answers": 5
  },
  "detailed_metrics": {
    "init_time_us": [
      1047049.0,
      1354522.0,
      1197482.0,
      1647197.0,
      1340622.0
    ],
    "prompt_processing_time_us": [
      155985.0,
      151620.0,
      157817.0,
      151932.0,
      76870.0
    ],
    "prompt_processing_rate_toks_per_sec": [
      936.32959,
      956.937805,
      1002.004028,
      968.054199,
      1602.564087
    ],
    "token_generation_time_us": [
      113829.0,
      4475596.0,
      113532.0,
      114255.0,
      113101.0
    ],
    "token_generation_rate_toks_per_sec": [
      35.140739,
      27.035795,
      35.232357,
      35.010326,
      35.366932
    ]
  }
}