{
  "subject": "astronomy",
  "total_questions": 9,
  "correct_count": 5,
  "wrong_count": 4,
  "accuracy_rate": 0.5556,
  "answer_not_found": {
    "count": 0,
    "question_indices": []
  },
  "performance_metrics": {
    "avg_prompt_processing_rate_toks_per_sec": 1131.452,
    "avg_token_generation_rate_toks_per_sec": 35.073,
    "total_processed_answers": 9
  },
  "detailed_metrics": {
    "init_time_us": [
      1053492.0,
      1080508.0,
      1014209.0,
      1051115.0,
      1064954.0,
      1135577.0,
      1055920.0,
      1059215.0,
      1044411.0
    ],
    "prompt_processing_time_us": [
      154193.0,
      150811.0,
      152941.0,
      151290.0,
      228223.0,
      152826.0,
      151958.0,
      155545.0,
      149759.0
    ],
    "prompt_processing_rate_toks_per_sec": [
      1128.668213,
      1154.734375,
      974.658875,
      1150.748047,
      1157.407349,
      1297.016846,
      1152.07373,
      1138.952148,
      1028.806641
    ],
    "token_generation_time_us": [
      113161.0,
      113991.0,
      114905.0,
      113880.0,
      114101.0,
      113757.0,
      115808.0,
      113448.0,
      113438.0
    ],
    "token_generation_rate_toks_per_sec": [
      35.348179,
      35.091412,
      34.811668,
      35.124691,
      35.056969,
      35.162979,
      34.539928,
      35.258446,
      35.262173
    ]
  }
}