{
  "subject": "astronomy",
  "total_questions": 9,
  "correct_count": 5,
  "wrong_count": 4,
  "accuracy_rate": 0.5556,
  "answer_not_found": {
    "count": 0,
    "question_indices": []
  },
  "performance_metrics": {
    "avg_prompt_processing_rate_toks_per_sec": 1113.825,
    "avg_token_generation_rate_toks_per_sec": 34.96,
    "total_processed_answers": 9
  },
  "detailed_metrics": {
    "init_time_us": [
      1229078.0,
      1283993.0,
      1107059.0,
      1055036.0,
      1116133.0,
      1108820.0,
      1212964.0,
      1620607.0,
      1096366.0
    ],
    "prompt_processing_time_us": [
      168583.0,
      154631.0,
      154672.0,
      153546.0,
      227881.0,
      151263.0,
      153767.0,
      152817.0,
      153880.0
    ],
    "prompt_processing_rate_toks_per_sec": [
      1033.057861,
      1126.126099,
      963.391113,
      1133.786865,
      1158.748535,
      1310.615967,
      1138.952148,
      1158.748535,
      1001.000977
    ],
    "token_generation_time_us": [
      113388.0,
      114706.0,
      116076.0,
      113379.0,
      113397.0,
      116980.0,
      113853.0,
      114302.0,
      113794.0
    ],
    "token_generation_rate_toks_per_sec": [
      35.277103,
      34.872368,
      34.460182,
      35.280834,
      35.274612,
      34.193878,
      35.133331,
      34.995625,
      35.151855
    ]
  }
}