{
  "subject": "clinical_knowledge",
  "total_questions": 12,
  "correct_count": 7,
  "wrong_count": 5,
  "accuracy_rate": 0.5833,
  "answer_not_found": {
    "count": 0,
    "question_indices": []
  },
  "performance_metrics": {
    "avg_prompt_processing_rate_toks_per_sec": 980.589,
    "avg_token_generation_rate_toks_per_sec": 35.086,
    "total_processed_answers": 12
  },
  "detailed_metrics": {
    "init_time_us": [
      1088998.0,
      1244072.0,
      1108913.0,
      1164633.0,
      1122232.0,
      1076826.0,
      1108013.0,
      1412433.0,
      1511028.0,
      1237241.0,
      1576131.0,
      1348703.0
    ],
    "prompt_processing_time_us": [
      152260.0,
      155511.0,
      155264.0,
      154349.0,
      166698.0,
      154135.0,
      151711.0,
      150079.0,
      152770.0,
      153950.0,
      161551.0,
      152986.0
    ],
    "prompt_processing_rate_toks_per_sec": [
      952.380981,
      894.454407,
      1024.59021,
      1017.294006,
      810.372742,
      1000.0,
      1028.806641,
      1020.408142,
      1179.245239,
      922.509216,
      1040.582764,
      876.424194
    ],
    "token_generation_time_us": [
      113585.0,
      113449.0,
      117834.0,
      114398.0,
      111903.0,
      113970.0,
      116423.0,
      111969.0,
      114870.0,
      116288.0,
      111138.0,
      112643.0
    ],
    "token_generation_rate_toks_per_sec": [
      35.216228,
      35.258446,
      33.946636,
      34.966259,
      35.746201,
      35.097572,
      34.358356,
      35.724491,
      34.822578,
      34.397358,
      35.99194,
      35.511364
    ]
  }
}