{
  "subject": "clinical_knowledge",
  "total_questions": 12,
  "correct_count": 7,
  "wrong_count": 5,
  "accuracy_rate": 0.5833,
  "answer_not_found": {
    "count": 0,
    "question_indices": []
  },
  "performance_metrics": {
    "avg_prompt_processing_rate_toks_per_sec": 903.318,
    "avg_token_generation_rate_toks_per_sec": 32.327,
    "total_processed_answers": 12
  },
  "detailed_metrics": {
    "init_time_us": [
      1005103.0,
      1081595.0,
      1033487.0,
      1056606.0,
      1064897.0,
      1064338.0,
      1069280.0,
      1040102.0,
      1049792.0,
      1075926.0,
      1012631.0,
      1053594.0
    ],
    "prompt_processing_time_us": [
      148463.0,
      153620.0,
      154876.0,
      150868.0,
      151216.0,
      149882.0,
      325790.0,
      149886.0,
      333643.0,
      153792.0,
      149853.0,
      151886.0
    ],
    "prompt_processing_rate_toks_per_sec": [
      977.51709,
      904.977356,
      1026.694092,
      1041.666626,
      892.857117,
      1027.749268,
      478.927216,
      1021.450439,
      539.665405,
      923.361023,
      1122.334473,
      882.612549
    ],
    "token_generation_time_us": [
      113101.0,
      113673.0,
      114636.0,
      113674.0,
      114048.0,
      113556.0,
      212129.0,
      114168.0,
      217102.0,
      114189.0,
      117087.0,
      112756.0
    ],
    "token_generation_rate_toks_per_sec": [
      35.366932,
      35.188965,
      34.893051,
      35.188965,
      35.072952,
      35.224911,
      18.856539,
      35.036087,
      18.424688,
      35.029949,
      34.163506,
      35.474831
    ]
  }
}