{
  "subject": "clinical_knowledge",
  "total_questions": 12,
  "correct_count": 7,
  "wrong_count": 5,
  "accuracy_rate": 0.5833,
  "answer_not_found": {
    "count": 0,
    "question_indices": []
  },
  "performance_metrics": {
    "avg_prompt_processing_rate_toks_per_sec": 996.86,
    "avg_token_generation_rate_toks_per_sec": 35.269,
    "total_processed_answers": 12
  },
  "detailed_metrics": {
    "init_time_us": [
      1231120.0,
      1080690.0,
      1099828.0,
      1375869.0,
      1456822.0,
      1131346.0,
      1049612.0,
      1073169.0,
      1094137.0,
      1085171.0,
      1091913.0,
      1071626.0
    ],
    "prompt_processing_time_us": [
      155074.0,
      151117.0,
      152490.0,
      152409.0,
      151227.0,
      151265.0,
      155039.0,
      151389.0,
      150607.0,
      153564.0,
      151995.0,
      152910.0
    ],
    "prompt_processing_rate_toks_per_sec": [
      935.453674,
      919.963196,
      1042.752808,
      1030.927856,
      892.857117,
      1018.329956,
      1007.049316,
      1011.122375,
      1196.172241,
      925.069397,
      1106.194702,
      876.424194
    ],
    "token_generation_time_us": [
      114240.0,
      116765.0,
      111017.0,
      112563.0,
      112113.0,
      113946.0,
      116173.0,
      113465.0,
      112742.0,
      113840.0,
      112282.0,
      112102.0
    ],
    "token_generation_rate_toks_per_sec": [
      35.014004,
      34.257133,
      36.030842,
      35.536602,
      35.678608,
      35.104965,
      34.431705,
      35.253471,
      35.479866,
      35.137035,
      35.625221,
      35.682426
    ]
  }
}