{
  "subject": "college_mathematics",
  "total_questions": 6,
  "correct_count": 1,
  "wrong_count": 5,
  "accuracy_rate": 0.1667,
  "answer_not_found": {
    "count": 0,
    "question_indices": []
  },
  "performance_metrics": {
    "avg_prompt_processing_rate_toks_per_sec": 1184.912,
    "avg_token_generation_rate_toks_per_sec": 35.16,
    "total_processed_answers": 6
  },
  "detailed_metrics": {
    "init_time_us": [
      1058054.0,
      1066450.0,
      1073740.0,
      1046395.0,
      1077755.0,
      1046951.0
    ],
    "prompt_processing_time_us": [
      151664.0,
      150642.0,
      152673.0,
      152548.0,
      153441.0,
      78400.0
    ],
    "prompt_processing_rate_toks_per_sec": [
      1022.494873,
      1055.966187,
      865.05188,
      1187.648438,
      1408.450684,
      1569.858765
    ],
    "token_generation_time_us": [
      113038.0,
      112972.0,
      112619.0,
      113896.0,
      118058.0,
      112226.0
    ],
    "token_generation_rate_toks_per_sec": [
      35.386955,
      35.407005,
      35.518932,
      35.119759,
      33.882225,
      35.643002
    ]
  }
}