{
  "subject": "college_chemistry",
  "total_questions": 4,
  "correct_count": 2,
  "wrong_count": 2,
  "accuracy_rate": 0.5,
  "answer_not_found": {
    "count": 0,
    "question_indices": []
  },
  "performance_metrics": {
    "avg_prompt_processing_rate_toks_per_sec": 1006.902,
    "avg_token_generation_rate_toks_per_sec": 35.131,
    "total_processed_answers": 4
  },
  "detailed_metrics": {
    "init_time_us": [
      1007155.0,
      1039871.0,
      1050905.0,
      1056384.0
    ],
    "prompt_processing_time_us": [
      153391.0,
      151860.0,
      149875.0,
      151282.0
    ],
    "prompt_processing_rate_toks_per_sec": [
      860.585205,
      1186.239624,
      1068.376099,
      912.408752
    ],
    "token_generation_time_us": [
      113866.0,
      112618.0,
      116190.0,
      112844.0
    ],
    "token_generation_rate_toks_per_sec": [
      35.129627,
      35.518932,
      34.426964,
      35.447166
    ]
  }
}