{
  "subject": "college_biology",
  "total_questions": 5,
  "correct_count": 2,
  "wrong_count": 3,
  "accuracy_rate": 0.4,
  "answer_not_found": {
    "count": 0,
    "question_indices": []
  },
  "performance_metrics": {
    "avg_prompt_processing_rate_toks_per_sec": 1154.515,
    "avg_token_generation_rate_toks_per_sec": 35.37,
    "total_processed_answers": 5
  },
  "detailed_metrics": {
    "init_time_us": [
      1067179.0,
      1059275.0,
      1041537.0,
      1051181.0,
      1098488.0
    ],
    "prompt_processing_time_us": [
      153673.0,
      151664.0,
      150093.0,
      152524.0,
      165154.0
    ],
    "prompt_processing_rate_toks_per_sec": [
      944.287048,
      1345.89502,
      1647.446411,
      938.086304,
      896.860962
    ],
    "token_generation_time_us": [
      112984.0,
      114753.0,
      114166.0,
      111074.0,
      112550.0
    ],
    "token_generation_rate_toks_per_sec": [
      35.403244,
      34.85778,
      35.037315,
      36.012676,
      35.54039
    ]
  }
}