{
  "subject": "college_physics",
  "total_questions": 5,
  "correct_count": 1,
  "wrong_count": 4,
  "accuracy_rate": 0.2,
  "answer_not_found": {
    "count": 0,
    "question_indices": []
  },
  "performance_metrics": {
    "avg_prompt_processing_rate_toks_per_sec": 1155.359,
    "avg_token_generation_rate_toks_per_sec": 35.251,
    "total_processed_answers": 5
  },
  "detailed_metrics": {
    "init_time_us": [
      1047034.0,
      1053727.0,
      1064481.0,
      1136277.0,
      1073346.0
    ],
    "prompt_processing_time_us": [
      152183.0,
      151625.0,
      153057.0,
      151677.0,
      153543.0
    ],
    "prompt_processing_rate_toks_per_sec": [
      1360.544189,
      1102.535889,
      1013.171204,
      1108.647461,
      1191.895142
    ],
    "token_generation_time_us": [
      112799.0,
      113419.0,
      112756.0,
      113862.0,
      114561.0
    ],
    "token_generation_rate_toks_per_sec": [
      35.46225,
      35.268391,
      35.474831,
      35.130863,
      34.916203
    ]
  }
}