{
  "subject": "college_physics",
  "total_questions": 5,
  "correct_count": 1,
  "wrong_count": 4,
  "accuracy_rate": 0.2,
  "answer_not_found": {
    "count": 0,
    "question_indices": []
  },
  "performance_metrics": {
    "avg_prompt_processing_rate_toks_per_sec": 1160.94,
    "avg_token_generation_rate_toks_per_sec": 35.496,
    "total_processed_answers": 5
  },
  "detailed_metrics": {
    "init_time_us": [
      1024828.0,
      1067877.0,
      1054619.0,
      1054354.0,
      1039703.0
    ],
    "prompt_processing_time_us": [
      151707.0,
      152244.0,
      152229.0,
      150748.0,
      151674.0
    ],
    "prompt_processing_rate_toks_per_sec": [
      1366.120239,
      1097.694824,
      1018.329956,
      1114.827148,
      1207.729492
    ],
    "token_generation_time_us": [
      113877.0,
      112337.0,
      113336.0,
      110856.0,
      113084.0
    ],
    "token_generation_rate_toks_per_sec": [
      35.125927,
      35.607464,
      35.293285,
      36.082848,
      35.371937
    ]
  }
}