{
  "subject": "college_chemistry",
  "total_questions": 4,
  "correct_count": 2,
  "wrong_count": 2,
  "accuracy_rate": 0.5,
  "answer_not_found": {
    "count": 0,
    "question_indices": []
  },
  "performance_metrics": {
    "avg_prompt_processing_rate_toks_per_sec": 1005.207,
    "avg_token_generation_rate_toks_per_sec": 35.442,
    "total_processed_answers": 4
  },
  "detailed_metrics": {
    "init_time_us": [
      1082055.0,
      1062620.0,
      1076654.0,
      1040796.0
    ],
    "prompt_processing_time_us": [
      151400.0,
      151994.0,
      152517.0,
      151004.0
    ],
    "prompt_processing_rate_toks_per_sec": [
      872.600342,
      1184.834106,
      1049.317993,
      914.076782
    ],
    "token_generation_time_us": [
      112975.0,
      112200.0,
      112724.0,
      113549.0
    ],
    "token_generation_rate_toks_per_sec": [
      35.407005,
      35.650623,
      35.484901,
      35.227394
    ]
  }
}