{
  "subject": "college_physics",
  "total_questions": 5,
  "correct_count": 1,
  "wrong_count": 4,
  "accuracy_rate": 0.2,
  "answer_not_found": {
    "count": 0,
    "question_indices": []
  },
  "performance_metrics": {
    "avg_prompt_processing_rate_toks_per_sec": 1159.285,
    "avg_token_generation_rate_toks_per_sec": 35.065,
    "total_processed_answers": 5
  },
  "detailed_metrics": {
    "init_time_us": [
      1035527.0,
      1038697.0,
      1078378.0,
      1048984.0,
      1069083.0
    ],
    "prompt_processing_time_us": [
      153570.0,
      152684.0,
      152791.0,
      150934.0,
      149655.0
    ],
    "prompt_processing_rate_toks_per_sec": [
      1349.52771,
      1094.091919,
      1015.228455,
      1113.585693,
      1223.990234
    ],
    "token_generation_time_us": [
      112889.0,
      114749.0,
      114347.0,
      115138.0,
      113280.0
    ],
    "token_generation_rate_toks_per_sec": [
      35.43335,
      34.858994,
      34.982159,
      34.741524,
      35.310734
    ]
  }
}