{
  "subject": "college_mathematics",
  "total_questions": 6,
  "correct_count": 1,
  "wrong_count": 5,
  "accuracy_rate": 0.1667,
  "answer_not_found": {
    "count": 0,
    "question_indices": []
  },
  "performance_metrics": {
    "avg_prompt_processing_rate_toks_per_sec": 1050.039,
    "avg_token_generation_rate_toks_per_sec": 32.453,
    "total_processed_answers": 6
  },
  "detailed_metrics": {
    "init_time_us": [
      1041501.0,
      1079828.0,
      1103714.0,
      1031443.0,
      1089251.0,
      1088989.0
    ],
    "prompt_processing_time_us": [
      150851.0,
      153018.0,
      150078.0,
      153998.0,
      155818.0,
      155918.0
    ],
    "prompt_processing_rate_toks_per_sec": [
      1027.749268,
      1039.501099,
      880.281677,
      1176.470581,
      1386.962524,
      789.265991
    ],
    "token_generation_time_us": [
      112430.0,
      112638.0,
      114530.0,
      115237.0,
      114141.0,
      211152.0
    ],
    "token_generation_rate_toks_per_sec": [
      35.578327,
      35.512623,
      34.925957,
      34.711376,
      35.044682,
      18.943699
    ]
  }
}