{
  "subject": "college_biology",
  "total_questions": 5,
  "correct_count": 2,
  "wrong_count": 3,
  "accuracy_rate": 0.4,
  "answer_not_found": {
    "count": 0,
    "question_indices": []
  },
  "performance_metrics": {
    "avg_prompt_processing_rate_toks_per_sec": 1145.16,
    "avg_token_generation_rate_toks_per_sec": 35.291,
    "total_processed_answers": 5
  },
  "detailed_metrics": {
    "init_time_us": [
      1401526.0,
      1404955.0,
      1354988.0,
      1039818.0,
      1028824.0
    ],
    "prompt_processing_time_us": [
      150539.0,
      164419.0,
      156387.0,
      149987.0,
      150122.0
    ],
    "prompt_processing_rate_toks_per_sec": [
      963.391113,
      1242.236084,
      1579.778809,
      954.198486,
      986.193298
    ],
    "token_generation_time_us": [
      113702.0,
      114255.0,
      113550.0,
      112339.0,
      112900.0
    ],
    "token_generation_rate_toks_per_sec": [
      35.180298,
      35.010326,
      35.227394,
      35.607464,
      35.429585
    ]
  }
}