{
  "subject": "college_chemistry",
  "total_questions": 4,
  "correct_count": 2,
  "wrong_count": 2,
  "accuracy_rate": 0.5,
  "answer_not_found": {
    "count": 0,
    "question_indices": []
  },
  "performance_metrics": {
    "avg_prompt_processing_rate_toks_per_sec": 1000.692,
    "avg_token_generation_rate_toks_per_sec": 35.347,
    "total_processed_answers": 4
  },
  "detailed_metrics": {
    "init_time_us": [
      1023188.0,
      1040682.0,
      1003982.0,
      1045525.0
    ],
    "prompt_processing_time_us": [
      150232.0,
      154792.0,
      150440.0,
      154024.0
    ],
    "prompt_processing_rate_toks_per_sec": [
      878.734619,
      1164.144409,
      1063.829834,
      896.057373
    ],
    "token_generation_time_us": [
      113602.0,
      113017.0,
      113068.0,
      112969.0
    ],
    "token_generation_rate_toks_per_sec": [
      35.211269,
      35.393219,
      35.376942,
      35.408257
    ]
  }
}