{
  "subject": "college_mathematics",
  "total_questions": 6,
  "correct_count": 1,
  "wrong_count": 5,
  "accuracy_rate": 0.1667,
  "answer_not_found": {
    "count": 0,
    "question_indices": []
  },
  "performance_metrics": {
    "avg_prompt_processing_rate_toks_per_sec": 1198.073,
    "avg_token_generation_rate_toks_per_sec": 35.291,
    "total_processed_answers": 6
  },
  "detailed_metrics": {
    "init_time_us": [
      1065844.0,
      1036638.0,
      1038842.0,
      1016330.0,
      1032435.0,
      1031005.0
    ],
    "prompt_processing_time_us": [
      152420.0,
      150642.0,
      150486.0,
      151304.0,
      150819.0,
      76523.0
    ],
    "prompt_processing_rate_toks_per_sec": [
      1017.294006,
      1055.966187,
      877.192993,
      1197.604736,
      1432.664795,
      1607.717041
    ],
    "token_generation_time_us": [
      114302.0,
      113865.0,
      111804.0,
      113514.0,
      113321.0,
      113293.0
    ],
    "token_generation_rate_toks_per_sec": [
      34.995625,
      35.129627,
      35.776894,
      35.238564,
      35.298271,
      35.306995
    ]
  }
}