{
  "subject": "computer_security",
  "total_questions": 5,
  "correct_count": 3,
  "wrong_count": 2,
  "accuracy_rate": 0.6,
  "answer_not_found": {
    "count": 0,
    "question_indices": []
  },
  "performance_metrics": {
    "avg_prompt_processing_rate_toks_per_sec": 1047.558,
    "avg_token_generation_rate_toks_per_sec": 35.085,
    "total_processed_answers": 5
  },
  "detailed_metrics": {
    "init_time_us": [
      1029479.0,
      1056861.0,
      1028125.0,
      1055291.0,
      1029768.0
    ],
    "prompt_processing_time_us": [
      168734.0,
      77185.0,
      154829.0,
      152390.0,
      150741.0
    ],
    "prompt_processing_rate_toks_per_sec": [
      806.451599,
      1620.745483,
      956.022949,
      919.117676,
      935.453674
    ],
    "token_generation_time_us": [
      113473.0,
      113027.0,
      115097.0,
      114627.0,
      113848.0
    ],
    "token_generation_rate_toks_per_sec": [
      35.250988,
      35.390713,
      34.753597,
      34.896706,
      35.134567
    ]
  }
}