{
  "subject": "computer_security",
  "total_questions": 5,
  "correct_count": 3,
  "wrong_count": 2,
  "accuracy_rate": 0.6,
  "answer_not_found": {
    "count": 0,
    "question_indices": []
  },
  "performance_metrics": {
    "avg_prompt_processing_rate_toks_per_sec": 1063.493,
    "avg_token_generation_rate_toks_per_sec": 35.248,
    "total_processed_answers": 5
  },
  "detailed_metrics": {
    "init_time_us": [
      1062099.0,
      1047284.0,
      1063476.0,
      1035145.0,
      1083164.0
    ],
    "prompt_processing_time_us": [
      151832.0,
      77375.0,
      154437.0,
      153948.0,
      150463.0
    ],
    "prompt_processing_rate_toks_per_sec": [
      896.057373,
      1615.508911,
      958.772766,
      909.918091,
      937.207092
    ],
    "token_generation_time_us": [
      112893.0,
      114387.0,
      112395.0,
      114163.0,
      113603.0
    ],
    "token_generation_rate_toks_per_sec": [
      35.432095,
      34.969925,
      35.589722,
      35.038544,
      35.211269
    ]
  }
}