{
  "subject": "conceptual_physics",
  "total_questions": 12,
  "correct_count": 5,
  "wrong_count": 7,
  "accuracy_rate": 0.4167,
  "answer_not_found": {
    "count": 0,
    "question_indices": []
  },
  "performance_metrics": {
    "avg_prompt_processing_rate_toks_per_sec": 1058.079,
    "avg_token_generation_rate_toks_per_sec": 35.333,
    "total_processed_answers": 12
  },
  "detailed_metrics": {
    "init_time_us": [
      1061008.0,
      1065080.0,
      1087323.0,
      1105876.0,
      1068054.0,
      1044786.0,
      1056570.0,
      1058272.0,
      1002129.0,
      1041074.0,
      1073897.0,
      1071392.0
    ],
    "prompt_processing_time_us": [
      151505.0,
      152220.0,
      155076.0,
      157357.0,
      151166.0,
      151288.0,
      153100.0,
      153186.0,
      151719.0,
      154055.0,
      78743.0,
      153099.0
    ],
    "prompt_processing_rate_toks_per_sec": [
      911.577026,
      1077.586182,
      929.368042,
      934.579468,
      1158.748535,
      1044.932129,
      862.812744,
      1012.145752,
      929.368042,
      955.109863,
      1626.016235,
      1254.7052
    ],
    "token_generation_time_us": [
      112714.0,
      113160.0,
      113368.0,
      112311.0,
      112570.0,
      112867.0,
      112428.0,
      114017.0,
      113094.0,
      114506.0,
      113807.0,
      113724.0
    ],
    "token_generation_rate_toks_per_sec": [
      35.488678,
      35.348179,
      35.283325,
      35.616341,
      35.534077,
      35.440884,
      35.578327,
      35.082794,
      35.369434,
      34.933277,
      35.148148,
      35.172874
    ]
  }
}