{
  "subject": "conceptual_physics",
  "total_questions": 12,
  "correct_count": 5,
  "wrong_count": 7,
  "accuracy_rate": 0.4167,
  "answer_not_found": {
    "count": 0,
    "question_indices": []
  },
  "performance_metrics": {
    "avg_prompt_processing_rate_toks_per_sec": 908.895,
    "avg_token_generation_rate_toks_per_sec": 30.915,
    "total_processed_answers": 12
  },
  "detailed_metrics": {
    "init_time_us": [
      1058374.0,
      1075818.0,
      1110415.0,
      1062550.0,
      1069505.0,
      1089297.0,
      1077266.0,
      1103673.0,
      1096469.0,
      1073245.0,
      1044492.0,
      1007569.0
    ],
    "prompt_processing_time_us": [
      151725.0,
      151344.0,
      328952.0,
      150432.0,
      149104.0,
      152276.0,
      153715.0,
      334546.0,
      153616.0,
      154559.0,
      154257.0,
      152081.0
    ],
    "prompt_processing_rate_toks_per_sec": [
      909.918091,
      1084.598755,
      437.828369,
      977.51709,
      1173.708862,
      1038.421631,
      859.106506,
      463.392029,
      918.273621,
      951.474792,
      829.875488,
      1262.626221
    ],
    "token_generation_time_us": [
      113486.0,
      112313.0,
      210344.0,
      116201.0,
      113406.0,
      113561.0,
      113200.0,
      230213.0,
      113246.0,
      113941.0,
      225400.0,
      113334.0
    ],
    "token_generation_rate_toks_per_sec": [
      35.247261,
      35.615074,
      19.016468,
      34.423409,
      35.272125,
      35.223671,
      35.33569,
      17.375288,
      35.32196,
      35.106197,
      17.746229,
      35.294533
    ]
  }
}