{
  "subject": "conceptual_physics",
  "total_questions": 12,
  "correct_count": 5,
  "wrong_count": 7,
  "accuracy_rate": 0.4167,
  "answer_not_found": {
    "count": 0,
    "question_indices": []
  },
  "performance_metrics": {
    "avg_prompt_processing_rate_toks_per_sec": 1065.376,
    "avg_token_generation_rate_toks_per_sec": 35.099,
    "total_processed_answers": 12
  },
  "detailed_metrics": {
    "init_time_us": [
      1041067.0,
      1032901.0,
      1095926.0,
      1043966.0,
      1040253.0,
      1004763.0,
      1062177.0,
      1060921.0,
      1039341.0,
      1058552.0,
      991210.0,
      1055777.0
    ],
    "prompt_processing_time_us": [
      149559.0,
      154683.0,
      151794.0,
      151716.0,
      152628.0,
      151360.0,
      148829.0,
      151242.0,
      152237.0,
      153933.0,
      79717.0,
      149021.0
    ],
    "prompt_processing_rate_toks_per_sec": [
      923.361023,
      1060.445435,
      948.766602,
      968.992249,
      1146.78894,
      1044.932129,
      887.311462,
      1025.640991,
      926.784058,
      955.109863,
      1607.717041,
      1288.65979
    ],
    "token_generation_time_us": [
      113853.0,
      113187.0,
      114331.0,
      113955.0,
      113716.0,
      113348.0,
      113469.0,
      114112.0,
      113938.0,
      114793.0,
      114086.0,
      114805.0
    ],
    "token_generation_rate_toks_per_sec": [
      35.133331,
      35.340683,
      34.987053,
      35.102501,
      35.17535,
      35.289551,
      35.252232,
      35.05328,
      35.10743,
      34.845634,
      35.061886,
      34.841991
    ]
  }
}