{
  "subject": "econometrics",
  "total_questions": 4,
  "correct_count": 1,
  "wrong_count": 3,
  "accuracy_rate": 0.25,
  "answer_not_found": {
    "count": 0,
    "question_indices": []
  },
  "performance_metrics": {
    "avg_prompt_processing_rate_toks_per_sec": 1055.817,
    "avg_token_generation_rate_toks_per_sec": 27.093,
    "total_processed_answers": 4
  },
  "detailed_metrics": {
    "init_time_us": [
      1053458.0,
      1055895.0,
      1062321.0,
      1081332.0
    ],
    "prompt_processing_time_us": [
      330851.0,
      154074.0,
      317095.0,
      153348.0
    ],
    "prompt_processing_rate_toks_per_sec": [
      659.195801,
      1506.024048,
      473.260773,
      1584.786011
    ],
    "token_generation_time_us": [
      213501.0,
      112076.0,
      212771.0,
      113806.0
    ],
    "token_generation_rate_toks_per_sec": [
      18.735363,
      35.690067,
      18.79982,
      35.148148
    ]
  }
}