{
  "subject": "econometrics",
  "total_questions": 4,
  "correct_count": 1,
  "wrong_count": 3,
  "accuracy_rate": 0.25,
  "answer_not_found": {
    "count": 0,
    "question_indices": []
  },
  "performance_metrics": {
    "avg_prompt_processing_rate_toks_per_sec": 1183.929,
    "avg_token_generation_rate_toks_per_sec": 31.011,
    "total_processed_answers": 4
  },
  "detailed_metrics": {
    "init_time_us": [
      1052873.0,
      1077163.0,
      1062064.0,
      1040110.0
    ],
    "prompt_processing_time_us": [
      152690.0,
      332219.0,
      152732.0,
      149581.0
    ],
    "prompt_processing_rate_toks_per_sec": [
      1428.571411,
      698.812012,
      982.318298,
      1626.016235
    ],
    "token_generation_time_us": [
      113884.0,
      217745.0,
      113297.0,
      113493.0
    ],
    "token_generation_rate_toks_per_sec": [
      35.123459,
      18.370195,
      35.305748,
      35.244774
    ]
  }
}