{
  "subject": "econometrics",
  "total_questions": 4,
  "correct_count": 1,
  "wrong_count": 3,
  "accuracy_rate": 0.25,
  "answer_not_found": {
    "count": 0,
    "question_indices": []
  },
  "performance_metrics": {
    "avg_prompt_processing_rate_toks_per_sec": 1364.755,
    "avg_token_generation_rate_toks_per_sec": 34.901,
    "total_processed_answers": 4
  },
  "detailed_metrics": {
    "init_time_us": [
      1023647.0,
      1032319.0,
      1085707.0,
      1042531.0
    ],
    "prompt_processing_time_us": [
      152206.0,
      155745.0,
      155261.0,
      155012.0
    ],
    "prompt_processing_rate_toks_per_sec": [
      1432.664795,
      1490.312988,
      966.183594,
      1569.858765
    ],
    "token_generation_time_us": [
      113107.0,
      116221.0,
      113923.0,
      115240.0
    ],
    "token_generation_rate_toks_per_sec": [
      35.365681,
      34.417484,
      35.112358,
      34.710171
    ]
  }
}