{
  "subject": "electrical_engineering",
  "total_questions": 4,
  "correct_count": 1,
  "wrong_count": 3,
  "accuracy_rate": 0.25,
  "answer_not_found": {
    "count": 0,
    "question_indices": []
  },
  "performance_metrics": {
    "avg_prompt_processing_rate_toks_per_sec": 1107.462,
    "avg_token_generation_rate_toks_per_sec": 34.986,
    "total_processed_answers": 4
  },
  "detailed_metrics": {
    "init_time_us": [
      1056071.0,
      1049386.0,
      1013770.0,
      992254.0
    ],
    "prompt_processing_time_us": [
      150712.0,
      151697.0,
      76054.0,
      153215.0
    ],
    "prompt_processing_rate_toks_per_sec": [
      915.750916,
      903.342346,
      1631.321411,
      979.431946
    ],
    "token_generation_time_us": [
      113093.0,
      113595.0,
      116366.0,
      114335.0
    ],
    "token_generation_rate_toks_per_sec": [
      35.369434,
      35.213749,
      34.374893,
      34.985832
    ]
  }
}