{
  "subject": "electrical_engineering",
  "total_questions": 4,
  "correct_count": 1,
  "wrong_count": 3,
  "accuracy_rate": 0.25,
  "answer_not_found": {
    "count": 0,
    "question_indices": []
  },
  "performance_metrics": {
    "avg_prompt_processing_rate_toks_per_sec": 947.008,
    "avg_token_generation_rate_toks_per_sec": 30.614,
    "total_processed_answers": 4
  },
  "detailed_metrics": {
    "init_time_us": [
      1032923.0,
      1055697.0,
      1034962.0,
      1130462.0
    ],
    "prompt_processing_time_us": [
      161366.0,
      152541.0,
      78238.0,
      335815.0
    ],
    "prompt_processing_rate_toks_per_sec": [
      855.432007,
      898.472595,
      1587.301636,
      446.827515
    ],
    "token_generation_time_us": [
      113515.0,
      114468.0,
      114053.0,
      232539.0
    ],
    "token_generation_rate_toks_per_sec": [
      35.238564,
      34.944263,
      35.07172,
      17.201637
    ]
  }
}