{
  "subject": "electrical_engineering",
  "total_questions": 4,
  "correct_count": 1,
  "wrong_count": 3,
  "accuracy_rate": 0.25,
  "answer_not_found": {
    "count": 0,
    "question_indices": []
  },
  "performance_metrics": {
    "avg_prompt_processing_rate_toks_per_sec": 1094.995,
    "avg_token_generation_rate_toks_per_sec": 35.468,
    "total_processed_answers": 4
  },
  "detailed_metrics": {
    "init_time_us": [
      1110816.0,
      1083843.0,
      1071508.0,
      1060015.0
    ],
    "prompt_processing_time_us": [
      153926.0,
      150055.0,
      78548.0,
      151636.0
    ],
    "prompt_processing_rate_toks_per_sec": [
      896.860962,
      913.242004,
      1579.778809,
      990.098999
    ],
    "token_generation_time_us": [
      113075.0,
      111891.0,
      113863.0,
      112310.0
    ],
    "token_generation_rate_toks_per_sec": [
      35.37569,
      35.750034,
      35.130863,
      35.616341
    ]
  }
}