{
  "subject": "elementary_mathematics",
  "total_questions": 19,
  "correct_count": 10,
  "wrong_count": 9,
  "accuracy_rate": 0.5263,
  "answer_not_found": {
    "count": 0,
    "question_indices": []
  },
  "performance_metrics": {
    "avg_prompt_processing_rate_toks_per_sec": 1025.632,
    "avg_token_generation_rate_toks_per_sec": 32.17,
    "total_processed_answers": 19
  },
  "detailed_metrics": {
    "init_time_us": [
      1059173.0,
      1060538.0,
      1039133.0,
      1113538.0,
      966900.0,
      1043543.0,
      1108218.0,
      1056617.0,
      1069004.0,
      1100437.0,
      1120466.0,
      1064822.0,
      1066672.0,
      1080404.0,
      1037339.0,
      1088156.0,
      1069157.0,
      1069313.0,
      1075316.0
    ],
    "prompt_processing_time_us": [
      152697.0,
      151319.0,
      154224.0,
      154952.0,
      331463.0,
      151763.0,
      152018.0,
      153626.0,
      154383.0,
      321453.0,
      154345.0,
      149251.0,
      151215.0,
      154859.0,
      150046.0,
      151557.0,
      152770.0,
      153145.0,
      170584.0
    ],
    "prompt_processing_rate_toks_per_sec": [
      1048.218018,
      1077.586182,
      972.762634,
      1356.852051,
      398.247711,
      1088.139282,
      960.614807,
      963.391113,
      1381.215454,
      441.891296,
      1406.469727,
      911.577026,
      1237.623779,
      897.666077,
      1213.592285,
      937.207092,
      1048.218018,
      1371.742065,
      773.993835
    ],
    "token_generation_time_us": [
      115077.0,
      112308.0,
      114458.0,
      114345.0,
      214378.0,
      114540.0,
      112833.0,
      114953.0,
      5834267.0,
      197367.0,
      112262.0,
      113348.0,
      114610.0,
      114646.0,
      1787078.0,
      118212.0,
      2754732.0,
      114433.0,
      112384.0
    ],
    "token_generation_rate_toks_per_sec": [
      34.759636,
      35.616341,
      34.947929,
      34.982159,
      18.658806,
      34.922298,
      35.450935,
      34.797134,
      27.081923,
      20.26712,
      35.631569,
      35.289551,
      34.901577,
      34.890617,
      27.419798,
      33.837513,
      27.226442,
      34.955257,
      35.592255
    ]
  }
}