{
  "subject": "elementary_mathematics",
  "total_questions": 19,
  "correct_count": 10,
  "wrong_count": 9,
  "accuracy_rate": 0.5263,
  "answer_not_found": {
    "count": 0,
    "question_indices": []
  },
  "performance_metrics": {
    "avg_prompt_processing_rate_toks_per_sec": 997.104,
    "avg_token_generation_rate_toks_per_sec": 31.223,
    "total_processed_answers": 19
  },
  "detailed_metrics": {
    "init_time_us": [
      1047097.0,
      1085929.0,
      1039211.0,
      1030149.0,
      1055185.0,
      1050454.0,
      1046478.0,
      1075594.0,
      1050244.0,
      1055980.0,
      1073927.0,
      1034482.0,
      1065519.0,
      1062077.0,
      1033201.0,
      1111099.0,
      1043969.0,
      1070196.0,
      1033313.0
    ],
    "prompt_processing_time_us": [
      154403.0,
      152685.0,
      151800.0,
      150162.0,
      312063.0,
      153568.0,
      153949.0,
      152871.0,
      151940.0,
      166022.0,
      170339.0,
      153518.0,
      151315.0,
      152277.0,
      149954.0,
      328412.0,
      153063.0,
      151735.0,
      338901.0
    ],
    "prompt_processing_rate_toks_per_sec": [
      1036.269409,
      1068.376099,
      988.142273,
      1398.60144,
      423.011841,
      1075.268799,
      948.766602,
      968.992249,
      1402.524536,
      855.432007,
      1275.510254,
      886.524841,
      1236.093994,
      913.242004,
      1215.066772,
      432.52594,
      1046.025146,
      1385.041504,
      389.559784
    ],
    "token_generation_time_us": [
      114829.0,
      113709.0,
      111672.0,
      113242.0,
      207173.0,
      115442.0,
      113006.0,
      114167.0,
      5855848.0,
      112781.0,
      114522.0,
      115436.0,
      114712.0,
      113787.0,
      1799049.0,
      211295.0,
      2759356.0,
      114110.0,
      231997.0
    ],
    "token_generation_rate_toks_per_sec": [
      34.834709,
      35.177822,
      35.819183,
      35.323208,
      19.307629,
      34.650036,
      35.396976,
      35.037315,
      26.981813,
      35.467281,
      34.928398,
      34.651234,
      34.869934,
      35.154327,
      27.236824,
      18.931147,
      27.180561,
      35.054508,
      17.241676
    ]
  }
}