{
  "subject": "elementary_mathematics",
  "total_questions": 19,
  "correct_count": 10,
  "wrong_count": 9,
  "accuracy_rate": 0.5263,
  "answer_not_found": {
    "count": 0,
    "question_indices": []
  },
  "performance_metrics": {
    "avg_prompt_processing_rate_toks_per_sec": 1054.444,
    "avg_token_generation_rate_toks_per_sec": 32.939,
    "total_processed_answers": 19
  },
  "detailed_metrics": {
    "init_time_us": [
      1051596.0,
      1058744.0,
      1045977.0,
      1088124.0,
      1073515.0,
      1084964.0,
      1055400.0,
      1048858.0,
      1058652.0,
      1116366.0,
      1085890.0,
      1076972.0,
      1075094.0,
      1126760.0,
      1077357.0,
      1088584.0,
      1086461.0,
      1117204.0,
      1105205.0
    ],
    "prompt_processing_time_us": [
      151287.0,
      150823.0,
      154473.0,
      153708.0,
      150292.0,
      153309.0,
      151054.0,
      155286.0,
      153081.0,
      320103.0,
      152052.0,
      150780.0,
      153083.0,
      155846.0,
      153569.0,
      151659.0,
      153676.0,
      152922.0,
      153585.0
    ],
    "prompt_processing_rate_toks_per_sec": [
      1058.20105,
      1081.081055,
      971.817322,
      1367.989014,
      878.734619,
      1076.42627,
      967.117981,
      953.288818,
      1392.75769,
      443.655731,
      1428.571411,
      902.5271,
      1222.493896,
      892.060669,
      1186.239624,
      936.32959,
      1041.666626,
      1373.626343,
      859.845215
    ],
    "token_generation_time_us": [
      112735.0,
      115673.0,
      115315.0,
      115677.0,
      114612.0,
      113824.0,
      113257.0,
      113465.0,
      5878187.0,
      209471.0,
      112936.0,
      114067.0,
      114385.0,
      114000.0,
      1799621.0,
      114175.0,
      2773115.0,
      115373.0,
      113020.0
    ],
    "token_generation_rate_toks_per_sec": [
      35.482384,
      34.58054,
      34.688496,
      34.579342,
      34.90036,
      35.141975,
      35.318218,
      35.253471,
      26.879553,
      19.095995,
      35.418289,
      35.068031,
      34.969925,
      35.087719,
      27.228666,
      35.034859,
      27.046032,
      34.670456,
      35.391968
    ]
  }
}