{
  "subject": "formal_logic",
  "total_questions": 6,
  "correct_count": 2,
  "wrong_count": 4,
  "accuracy_rate": 0.3333,
  "answer_not_found": {
    "count": 0,
    "question_indices": []
  },
  "performance_metrics": {
    "avg_prompt_processing_rate_toks_per_sec": 1204.58,
    "avg_token_generation_rate_toks_per_sec": 30.117,
    "total_processed_answers": 6
  },
  "detailed_metrics": {
    "init_time_us": [
      1054441.0,
      1030935.0,
      1050235.0,
      1097678.0,
      1037114.0,
      1017171.0
    ],
    "prompt_processing_time_us": [
      151040.0,
      153769.0,
      308801.0,
      497582.0,
      153608.0,
      151280.0
    ],
    "prompt_processing_rate_toks_per_sec": [
      1398.60144,
      1562.5,
      680.272095,
      516.528931,
      1661.129517,
      1408.450684
    ],
    "token_generation_time_us": [
      113668.0,
      113516.0,
      206658.0,
      208791.0,
      111531.0,
      111439.0
    ],
    "token_generation_rate_toks_per_sec": [
      35.190205,
      35.237324,
      19.355837,
      19.15819,
      35.865433,
      35.895042
    ]
  }
}