{
  "subject": "formal_logic",
  "total_questions": 6,
  "correct_count": 2,
  "wrong_count": 4,
  "accuracy_rate": 0.3333,
  "answer_not_found": {
    "count": 0,
    "question_indices": []
  },
  "performance_metrics": {
    "avg_prompt_processing_rate_toks_per_sec": 1420.858,
    "avg_token_generation_rate_toks_per_sec": 34.862,
    "total_processed_answers": 6
  },
  "detailed_metrics": {
    "init_time_us": [
      1055144.0,
      1106661.0,
      1097732.0,
      1051332.0,
      1016674.0,
      1067036.0
    ],
    "prompt_processing_time_us": [
      151296.0,
      153739.0,
      153078.0,
      229671.0,
      152039.0,
      152675.0
    ],
    "prompt_processing_rate_toks_per_sec": [
      1394.700195,
      1562.5,
      1373.626343,
      1119.820801,
      1677.852295,
      1396.648071
    ],
    "token_generation_time_us": [
      114538.0,
      118355.0,
      113120.0,
      114399.0,
      114082.0,
      114092.0
    ],
    "token_generation_rate_toks_per_sec": [
      34.923519,
      33.797485,
      35.36068,
      34.966259,
      35.063114,
      35.059425
    ]
  }
}