{
  "subject": "high_school_macroeconomics",
  "total_questions": 16,
  "correct_count": 9,
  "wrong_count": 7,
  "accuracy_rate": 0.5625,
  "answer_not_found": {
    "count": 0,
    "question_indices": []
  },
  "performance_metrics": {
    "avg_prompt_processing_rate_toks_per_sec": 1117.239,
    "avg_token_generation_rate_toks_per_sec": 34.466,
    "total_processed_answers": 16
  },
  "detailed_metrics": {
    "init_time_us": [
      1083209.0,
      1100476.0,
      1096253.0,
      1058364.0,
      1067444.0,
      1100676.0,
      1071304.0,
      1069764.0,
      1145118.0,
      1048668.0,
      1065976.0,
      1052670.0,
      1061736.0,
      1093760.0,
      1047457.0,
      1058146.0
    ],
    "prompt_processing_time_us": [
      152379.0,
      151982.0,
      152145.0,
      151443.0,
      150966.0,
      152246.0,
      153892.0,
      154246.0,
      154987.0,
      151031.0,
      153946.0,
      153758.0,
      152053.0,
      156128.0,
      156121.0,
      153015.0
    ],
    "prompt_processing_rate_toks_per_sec": [
      1076.42627,
      1204.819336,
      972.762634,
      1050.420166,
      1040.582764,
      1406.469727,
      1144.164795,
      1108.647461,
      865.05188,
      1145.475342,
      1033.057861,
      963.391113,
      1468.428833,
      980.392151,
      1428.571411,
      987.166809
    ],
    "token_generation_time_us": [
      3114034.0,
      113870.0,
      114130.0,
      111933.0,
      113088.0,
      113664.0,
      112525.0,
      115464.0,
      111139.0,
      113894.0,
      112482.0,
      113267.0,
      113466.0,
      121702.0,
      120497.0,
      116989.0
    ],
    "token_generation_rate_toks_per_sec": [
      27.296301,
      35.128395,
      35.048367,
      35.735981,
      35.370686,
      35.191441,
      35.547974,
      34.642834,
      35.99194,
      35.120991,
      35.561878,
      35.315723,
      35.253471,
      32.867706,
      33.196121,
      34.19154
    ]
  }
}