{
  "subject": "high_school_mathematics",
  "total_questions": 13,
  "correct_count": 3,
  "wrong_count": 10,
  "accuracy_rate": 0.2308,
  "answer_not_found": {
    "count": 0,
    "question_indices": []
  },
  "performance_metrics": {
    "avg_prompt_processing_rate_toks_per_sec": 1041.269,
    "avg_token_generation_rate_toks_per_sec": 33.304,
    "total_processed_answers": 13
  },
  "detailed_metrics": {
    "init_time_us": [
      1022983.0,
      1084041.0,
      1064658.0,
      1039716.0,
      1052308.0,
      1038701.0,
      1018394.0,
      1132940.0,
      949344.0,
      1099975.0,
      1068605.0,
      1055983.0,
      1070686.0
    ],
    "prompt_processing_time_us": [
      153874.0,
      334841.0,
      167133.0,
      151376.0,
      151180.0,
      152611.0,
      150422.0,
      151012.0,
      149141.0,
      151481.0,
      149048.0,
      166357.0,
      153730.0
    ],
    "prompt_processing_rate_toks_per_sec": [
      1144.164795,
      442.086639,
      1282.05127,
      925.069397,
      993.048645,
      1101.321533,
      1190.476196,
      1100.109985,
      1295.336792,
      884.95575,
      1127.395752,
      944.287048,
      1106.194702
    ],
    "token_generation_time_us": [
      113439.0,
      225157.0,
      112812.0,
      113488.0,
      115863.0,
      113219.0,
      112652.0,
      113521.0,
      11250417.0,
      113526.0,
      113238.0,
      112095.0,
      112568.0
    ],
    "token_generation_rate_toks_per_sec": [
      35.262173,
      17.765461,
      35.457222,
      35.246017,
      34.524426,
      35.330696,
      35.50758,
      35.23608,
      26.843475,
      35.23484,
      35.324455,
      35.684975,
      35.534077
    ]
  }
}