{
  "subject": "high_school_macroeconomics",
  "total_questions": 16,
  "correct_count": 9,
  "wrong_count": 7,
  "accuracy_rate": 0.5625,
  "answer_not_found": {
    "count": 0,
    "question_indices": []
  },
  "performance_metrics": {
    "avg_prompt_processing_rate_toks_per_sec": 1083.043,
    "avg_token_generation_rate_toks_per_sec": 33.557,
    "total_processed_answers": 16
  },
  "detailed_metrics": {
    "init_time_us": [
      1076978.0,
      1092002.0,
      1072990.0,
      1076350.0,
      1103282.0,
      1066250.0,
      1086679.0,
      1079229.0,
      1066686.0,
      1103792.0,
      1077659.0,
      1050156.0,
      1072557.0,
      1108868.0,
      1054839.0,
      1057492.0
    ],
    "prompt_processing_time_us": [
      152366.0,
      153201.0,
      153751.0,
      155582.0,
      150604.0,
      152919.0,
      155265.0,
      153030.0,
      150146.0,
      155782.0,
      155077.0,
      152943.0,
      151478.0,
      153290.0,
      153867.0,
      331839.0
    ],
    "prompt_processing_rate_toks_per_sec": [
      1076.42627,
      1194.743164,
      963.391113,
      1022.494873,
      1042.752808,
      1400.560181,
      1133.786865,
      1118.568237,
      892.857117,
      1111.111084,
      1025.640991,
      968.054199,
      1472.754028,
      999.000977,
      1451.378784,
      455.166138
    ],
    "token_generation_time_us": [
      3140451.0,
      114338.0,
      115162.0,
      112558.0,
      113148.0,
      114820.0,
      115602.0,
      116519.0,
      114623.0,
      112595.0,
      113065.0,
      113232.0,
      114260.0,
      113886.0,
      113853.0,
      209671.0
    ],
    "token_generation_rate_toks_per_sec": [
      27.06653,
      34.984608,
      34.734283,
      35.537865,
      35.351929,
      34.837135,
      34.602077,
      34.330048,
      34.897923,
      35.526505,
      35.378193,
      35.325703,
      35.007877,
      35.123459,
      35.133331,
      19.07778
    ]
  }
}