{
  "subject": "high_school_statistics",
  "total_questions": 5,
  "correct_count": 4,
  "wrong_count": 1,
  "accuracy_rate": 0.8,
  "answer_not_found": {
    "count": 0,
    "question_indices": []
  },
  "performance_metrics": {
    "avg_prompt_processing_rate_toks_per_sec": 1213.587,
    "avg_token_generation_rate_toks_per_sec": 35.272,
    "total_processed_answers": 5
  },
  "detailed_metrics": {
    "init_time_us": [
      1046880.0,
      1058062.0,
      1001957.0,
      1021456.0,
      1045726.0
    ],
    "prompt_processing_time_us": [
      226992.0,
      225349.0,
      167986.0,
      150717.0,
      152555.0
    ],
    "prompt_processing_rate_toks_per_sec": [
      1212.121216,
      1234.567871,
      1071.811401,
      1394.700195,
      1154.734375
    ],
    "token_generation_time_us": [
      113034.0,
      112322.0,
      111946.0,
      114568.0,
      115238.0
    ],
    "token_generation_rate_toks_per_sec": [
      35.38821,
      35.612537,
      35.732151,
      34.913761,
      34.711376
    ]
  }
}