{
  "subject": "high_school_microeconomics",
  "total_questions": 10,
  "correct_count": 6,
  "wrong_count": 4,
  "accuracy_rate": 0.6,
  "answer_not_found": {
    "count": 0,
    "question_indices": []
  },
  "performance_metrics": {
    "avg_prompt_processing_rate_toks_per_sec": 971.955,
    "avg_token_generation_rate_toks_per_sec": 32.71,
    "total_processed_answers": 10
  },
  "detailed_metrics": {
    "init_time_us": [
      1048452.0,
      1026826.0,
      1051655.0,
      1022123.0,
      1042733.0,
      1042727.0,
      1073455.0,
      1010269.0,
      1020290.0,
      1049109.0
    ],
    "prompt_processing_time_us": [
      151448.0,
      155282.0,
      152540.0,
      150348.0,
      155998.0,
      153042.0,
      154392.0,
      154370.0,
      153306.0,
      325027.0
    ],
    "prompt_processing_rate_toks_per_sec": [
      1037.34436,
      876.424194,
      970.873779,
      1170.960205,
      988.142273,
      1157.407349,
      946.073792,
      971.817322,
      972.762634,
      627.746399
    ],
    "token_generation_time_us": [
      113681.0,
      114073.0,
      113614.0,
      486056.0,
      113939.0,
      114761.0,
      115771.0,
      114415.0,
      116999.0,
      208611.0
    ],
    "token_generation_rate_toks_per_sec": [
      35.186489,
      35.065571,
      35.20755,
      28.803503,
      35.10743,
      34.85535,
      34.551861,
      34.961369,
      34.189201,
      19.174721
    ]
  }
}