{
  "subject": "high_school_physics",
  "total_questions": 8,
  "correct_count": 2,
  "wrong_count": 6,
  "accuracy_rate": 0.25,
  "answer_not_found": {
    "count": 1,
    "question_indices": [
      2
    ]
  },
  "performance_metrics": {
    "avg_prompt_processing_rate_toks_per_sec": 1002.155,
    "avg_token_generation_rate_toks_per_sec": 30.131,
    "total_processed_answers": 8
  },
  "detailed_metrics": {
    "init_time_us": [
      1087197.0,
      1050193.0,
      1033859.0,
      1083858.0,
      1050600.0,
      1026567.0,
      1030118.0,
      1058449.0
    ],
    "prompt_processing_time_us": [
      323263.0,
      152154.0,
      161085.0,
      150065.0,
      152534.0,
      154252.0,
      154872.0,
      330365.0
    ],
    "prompt_processing_rate_toks_per_sec": [
      544.662292,
      1058.20105,
      1422.475098,
      993.048645,
      1016.260193,
      1257.861694,
      1034.126221,
      690.607727
    ],
    "token_generation_time_us": [
      213801.0,
      113014.0,
      1823295.0,
      110148.0,
      115129.0,
      113515.0,
      113388.0,
      222845.0
    ],
    "token_generation_rate_toks_per_sec": [
      18.709074,
      35.39447,
      27.423557,
      36.314777,
      34.743938,
      35.238564,
      35.277103,
      17.949776
    ]
  }
}