{
  "subject": "high_school_mathematics",
  "total_questions": 13,
  "correct_count": 3,
  "wrong_count": 10,
  "accuracy_rate": 0.2308,
  "answer_not_found": {
    "count": 0,
    "question_indices": []
  },
  "performance_metrics": {
    "avg_prompt_processing_rate_toks_per_sec": 1075.615,
    "avg_token_generation_rate_toks_per_sec": 34.622,
    "total_processed_answers": 13
  },
  "detailed_metrics": {
    "init_time_us": [
      1087004.0,
      1030970.0,
      1104191.0,
      1053503.0,
      1058545.0,
      1076285.0,
      1074431.0,
      1066376.0,
      1064282.0,
      1064477.0,
      1075440.0,
      1099072.0,
      1091665.0
    ],
    "prompt_processing_time_us": [
      167426.0,
      153077.0,
      168426.0,
      150411.0,
      153808.0,
      154319.0,
      151441.0,
      150714.0,
      152433.0,
      150875.0,
      154002.0,
      150589.0,
      151626.0
    ],
    "prompt_processing_rate_toks_per_sec": [
      1051.524658,
      967.117981,
      1270.648071,
      931.098694,
      975.609741,
      1089.324585,
      1182.033081,
      1102.535889,
      1267.427124,
      888.888916,
      1091.703003,
      1042.752808,
      1122.334473
    ],
    "token_generation_time_us": [
      113915.0,
      113145.0,
      112944.0,
      113603.0,
      113394.0,
      113250.0,
      113730.0,
      114060.0,
      11262544.0,
      113018.0,
      113442.0,
      113029.0,
      113337.0
    ],
    "token_generation_rate_toks_per_sec": [
      35.114826,
      35.35318,
      35.415783,
      35.211269,
      35.275856,
      35.320713,
      35.171638,
      35.069263,
      26.814684,
      35.393219,
      35.260929,
      35.389462,
      35.293285
    ]
  }
}