{
  "subject": "high_school_computer_science",
  "total_questions": 4,
  "correct_count": 4,
  "wrong_count": 0,
  "accuracy_rate": 1.0,
  "answer_not_found": {
    "count": 0,
    "question_indices": []
  },
  "performance_metrics": {
    "avg_prompt_processing_rate_toks_per_sec": 1074.996,
    "avg_token_generation_rate_toks_per_sec": 35.207,
    "total_processed_answers": 4
  },
  "detailed_metrics": {
    "init_time_us": [
      1040090.0,
      1111666.0,
      1074921.0,
      1121700.0
    ],
    "prompt_processing_time_us": [
      155163.0,
      152536.0,
      154981.0,
      154090.0
    ],
    "prompt_processing_rate_toks_per_sec": [
      883.392212,
      878.734619,
      1239.157349,
      1298.701294
    ],
    "token_generation_time_us": [
      112817.0,
      114260.0,
      113965.0,
      113430.0
    ],
    "token_generation_rate_toks_per_sec": [
      35.455963,
      35.007877,
      35.098804,
      35.26466
    ]
  }
}