{
  "subject": "high_school_world_history",
  "total_questions": 6,
  "correct_count": 1,
  "wrong_count": 5,
  "accuracy_rate": 0.1667,
  "answer_not_found": {
    "count": 0,
    "question_indices": []
  },
  "performance_metrics": {
    "avg_prompt_processing_rate_toks_per_sec": 1394.974,
    "avg_token_generation_rate_toks_per_sec": 34.979,
    "total_processed_answers": 6
  },
  "detailed_metrics": {
    "init_time_us": [
      1119725.0,
      1077453.0,
      1109777.0,
      1063532.0,
      1082205.0,
      1066771.0
    ],
    "prompt_processing_time_us": [
      244012.0,
      224296.0,
      229653.0,
      228503.0,
      230069.0,
      301909.0
    ],
    "prompt_processing_rate_toks_per_sec": [
      1300.390137,
      1440.922241,
      1512.859253,
      1466.275635,
      1287.001343,
      1362.397827
    ],
    "token_generation_time_us": [
      113126.0,
      115847.0,
      114282.0,
      114931.0,
      114529.0,
      113460.0
    ],
    "token_generation_rate_toks_per_sec": [
      35.359428,
      34.529194,
      35.001751,
      34.804398,
      34.925957,
      35.254715
    ]
  }
}