{
  "subject": "high_school_chemistry",
  "total_questions": 4,
  "correct_count": 2,
  "wrong_count": 2,
  "accuracy_rate": 0.5,
  "answer_not_found": {
    "count": 0,
    "question_indices": []
  },
  "performance_metrics": {
    "avg_prompt_processing_rate_toks_per_sec": 1254.594,
    "avg_token_generation_rate_toks_per_sec": 34.95,
    "total_processed_answers": 4
  },
  "detailed_metrics": {
    "init_time_us": [
      1087725.0,
      1095932.0,
      1071553.0,
      1095275.0
    ],
    "prompt_processing_time_us": [
      155066.0,
      153570.0,
      76525.0,
      152019.0
    ],
    "prompt_processing_rate_toks_per_sec": [
      1517.450684,
      892.857117,
      1594.896362,
      1013.171204
    ],
    "token_generation_time_us": [
      116330.0,
      114000.0,
      113630.0,
      113880.0
    ],
    "token_generation_rate_toks_per_sec": [
      34.385532,
      35.087719,
      35.202591,
      35.124691
    ]
  }
}