{
  "subject": "high_school_computer_science",
  "total_questions": 4,
  "correct_count": 4,
  "wrong_count": 0,
  "accuracy_rate": 1.0,
  "answer_not_found": {
    "count": 0,
    "question_indices": []
  },
  "performance_metrics": {
    "avg_prompt_processing_rate_toks_per_sec": 1070.285,
    "avg_token_generation_rate_toks_per_sec": 35.09,
    "total_processed_answers": 4
  },
  "detailed_metrics": {
    "init_time_us": [
      1068097.0,
      1062094.0,
      1056288.0,
      1020220.0
    ],
    "prompt_processing_time_us": [
      151737.0,
      150645.0,
      152107.0,
      163394.0
    ],
    "prompt_processing_rate_toks_per_sec": [
      903.342346,
      889.679688,
      1262.626221,
      1225.490234
    ],
    "token_generation_time_us": [
      115403.0,
      114822.0,
      113112.0,
      112687.0
    ],
    "token_generation_rate_toks_per_sec": [
      34.662045,
      34.837135,
      35.363178,
      35.497498
    ]
  }
}