{
  "subject": "high_school_geography",
  "total_questions": 6,
  "correct_count": 4,
  "wrong_count": 2,
  "accuracy_rate": 0.6667,
  "answer_not_found": {
    "count": 0,
    "question_indices": []
  },
  "performance_metrics": {
    "avg_prompt_processing_rate_toks_per_sec": 1017.447,
    "avg_token_generation_rate_toks_per_sec": 35.153,
    "total_processed_answers": 6
  },
  "detailed_metrics": {
    "init_time_us": [
      1078356.0,
      1063750.0,
      1047120.0,
      1065569.0,
      1060427.0,
      1054432.0
    ],
    "prompt_processing_time_us": [
      151720.0,
      149552.0,
      149425.0,
      153045.0,
      152583.0,
      149473.0
    ],
    "prompt_processing_rate_toks_per_sec": [
      1160.092773,
      949.667603,
      930.232544,
      1046.025146,
      1075.268799,
      943.39624
    ],
    "token_generation_time_us": [
      114518.0,
      115463.0,
      113194.0,
      113402.0,
      112881.0,
      113330.0
    ],
    "token_generation_rate_toks_per_sec": [
      34.929615,
      34.644032,
      35.338188,
      35.273369,
      35.43586,
      35.29578
    ]
  }
}