{
  "subject": "high_school_chemistry",
  "total_questions": 4,
  "correct_count": 2,
  "wrong_count": 2,
  "accuracy_rate": 0.5,
  "answer_not_found": {
    "count": 0,
    "question_indices": []
  },
  "performance_metrics": {
    "avg_prompt_processing_rate_toks_per_sec": 1259.397,
    "avg_token_generation_rate_toks_per_sec": 35.106,
    "total_processed_answers": 4
  },
  "detailed_metrics": {
    "init_time_us": [
      1060147.0,
      1064335.0,
      1059527.0,
      1061362.0
    ],
    "prompt_processing_time_us": [
      149347.0,
      155285.0,
      78069.0,
      151734.0
    ],
    "prompt_processing_rate_toks_per_sec": [
      1574.803101,
      882.612549,
      1564.94519,
      1015.228455
    ],
    "token_generation_time_us": [
      112978.0,
      113764.0,
      114428.0,
      114611.0
    ],
    "token_generation_rate_toks_per_sec": [
      35.40575,
      35.160507,
      34.956478,
      34.901577
    ]
  }
}