{
  "subject": "high_school_chemistry",
  "total_questions": 4,
  "correct_count": 2,
  "wrong_count": 2,
  "accuracy_rate": 0.5,
  "answer_not_found": {
    "count": 0,
    "question_indices": []
  },
  "performance_metrics": {
    "avg_prompt_processing_rate_toks_per_sec": 1033.977,
    "avg_token_generation_rate_toks_per_sec": 30.631,
    "total_processed_answers": 4
  },
  "detailed_metrics": {
    "init_time_us": [
      1053824.0,
      1023716.0,
      1045690.0,
      1056860.0
    ],
    "prompt_processing_time_us": [
      152805.0,
      153284.0,
      167511.0,
      158036.0
    ],
    "prompt_processing_rate_toks_per_sec": [
      1538.461548,
      894.454407,
      728.332092,
      974.658875
    ],
    "token_generation_time_us": [
      114414.0,
      113605.0,
      230801.0,
      114218.0
    ],
    "token_generation_rate_toks_per_sec": [
      34.961369,
      35.21003,
      17.331022,
      35.021362
    ]
  }
}