{
  "subject": "high_school_european_history",
  "total_questions": 8,
  "correct_count": 4,
  "wrong_count": 4,
  "accuracy_rate": 0.5,
  "answer_not_found": {
    "count": 0,
    "question_indices": []
  },
  "performance_metrics": {
    "avg_prompt_processing_rate_toks_per_sec": 1445.956,
    "avg_token_generation_rate_toks_per_sec": 34.683,
    "total_processed_answers": 8
  },
  "detailed_metrics": {
    "init_time_us": [
      1037019.0,
      1068364.0,
      1049678.0,
      1051874.0,
      1065780.0,
      1061758.0,
      1058844.0,
      1039992.0
    ],
    "prompt_processing_time_us": [
      465489.0,
      225330.0,
      153393.0,
      302634.0,
      371478.0,
      303455.0,
      301363.0,
      226435.0
    ],
    "prompt_processing_rate_toks_per_sec": [
      1461.988281,
      1328.02124,
      1560.062378,
      1663.893555,
      1390.820557,
      1367.989014,
      1547.987671,
      1246.882812
    ],
    "token_generation_time_us": [
      120033.0,
      112475.0,
      113745.0,
      113597.0,
      112797.0,
      114784.0,
      114645.0,
      121243.0
    ],
    "token_generation_rate_toks_per_sec": [
      33.324448,
      35.564407,
      35.166691,
      35.212509,
      35.46225,
      34.848061,
      34.890617,
      32.992413
    ]
  }
}