{
  "subject": "high_school_world_history",
  "total_questions": 6,
  "correct_count": 1,
  "wrong_count": 5,
  "accuracy_rate": 0.1667,
  "answer_not_found": {
    "count": 0,
    "question_indices": []
  },
  "performance_metrics": {
    "avg_prompt_processing_rate_toks_per_sec": 1284.994,
    "avg_token_generation_rate_toks_per_sec": 32.207,
    "total_processed_answers": 6
  },
  "detailed_metrics": {
    "init_time_us": [
      1092535.0,
      1110102.0,
      1050952.0,
      1035582.0,
      1035915.0,
      1035165.0
    ],
    "prompt_processing_time_us": [
      228045.0,
      488452.0,
      226964.0,
      226934.0,
      227475.0,
      304624.0
    ],
    "prompt_processing_rate_toks_per_sec": [
      1390.820557,
      661.375671,
      1529.052002,
      1477.104858,
      1302.083374,
      1349.52771
    ],
    "token_generation_time_us": [
      111101.0,
      229774.0,
      113580.0,
      113788.0,
      116419.0,
      113971.0
    ],
    "token_generation_rate_toks_per_sec": [
      36.003601,
      17.408562,
      35.217468,
      35.153091,
      34.359539,
      35.097572
    ]
  }
}