{
  "subject": "high_school_macroeconomics",
  "total_questions": 16,
  "correct_count": 9,
  "wrong_count": 7,
  "accuracy_rate": 0.5625,
  "answer_not_found": {
    "count": 0,
    "question_indices": []
  },
  "performance_metrics": {
    "avg_prompt_processing_rate_toks_per_sec": 1116.335,
    "avg_token_generation_rate_toks_per_sec": 34.621,
    "total_processed_answers": 16
  },
  "detailed_metrics": {
    "init_time_us": [
      1016907.0,
      1085863.0,
      1041707.0,
      1037434.0,
      1040817.0,
      1047126.0,
      1032676.0,
      1015252.0,
      1029467.0,
      1052006.0,
      1049361.0,
      1021287.0,
      1057272.0,
      1030108.0,
      1069536.0,
      1035154.0
    ],
    "prompt_processing_time_us": [
      151551.0,
      151610.0,
      152231.0,
      153858.0,
      151730.0,
      151749.0,
      154513.0,
      151072.0,
      152950.0,
      153130.0,
      150595.0,
      172755.0,
      155324.0,
      150548.0,
      150414.0,
      152796.0
    ],
    "prompt_processing_rate_toks_per_sec": [
      1082.251099,
      1207.729492,
      972.762634,
      1034.126221,
      1035.196655,
      1410.437256,
      1140.250854,
      1132.502808,
      876.424194,
      1129.943481,
      1055.966187,
      856.89801,
      1436.781616,
      1017.294006,
      1483.679565,
      989.11969
    ],
    "token_generation_time_us": [
      3137110.0,
      112349.0,
      113571.0,
      113401.0,
      121570.0,
      113730.0,
      112599.0,
      112096.0,
      113767.0,
      115259.0,
      112769.0,
      113502.0,
      113111.0,
      114758.0,
      113973.0,
      112467.0
    ],
    "token_generation_rate_toks_per_sec": [
      27.095131,
      35.603661,
      35.221188,
      35.273369,
      32.903397,
      35.171638,
      35.525242,
      35.683701,
      35.160507,
      34.705353,
      35.471054,
      35.24229,
      35.364429,
      34.856564,
      35.09634,
      35.566936
    ]
  }
}