{
  "subject": "high_school_biology",
  "total_questions": 11,
  "correct_count": 7,
  "wrong_count": 4,
  "accuracy_rate": 0.6364,
  "answer_not_found": {
    "count": 0,
    "question_indices": []
  },
  "performance_metrics": {
    "avg_prompt_processing_rate_toks_per_sec": 965.801,
    "avg_token_generation_rate_toks_per_sec": 30.409,
    "total_processed_answers": 11
  },
  "detailed_metrics": {
    "init_time_us": [
      1060279.0,
      1042510.0,
      1026357.0,
      1053674.0,
      1055873.0,
      1017181.0,
      1034776.0,
      1051036.0,
      1022644.0,
      1025745.0,
      1066898.0
    ],
    "prompt_processing_time_us": [
      153715.0,
      151813.0,
      334812.0,
      150846.0,
      332034.0,
      152607.0,
      156299.0,
      154514.0,
      150720.0,
      154394.0,
      325952.0
    ],
    "prompt_processing_rate_toks_per_sec": [
      1035.196655,
      1233.045654,
      486.854919,
      1360.544189,
      530.222717,
      1121.076294,
      1319.26123,
      938.967163,
      889.679688,
      1153.402588,
      555.555542
    ],
    "token_generation_time_us": [
      115986.0,
      113280.0,
      225455.0,
      115081.0,
      204638.0,
      114520.0,
      113720.0,
      113673.0,
      116253.0,
      117722.0,
      210763.0
    ],
    "token_generation_rate_toks_per_sec": [
      34.487514,
      35.310734,
      17.742136,
      34.75843,
      19.546904,
      34.928398,
      35.17411,
      35.188965,
      34.408009,
      33.978931,
      18.978933
    ]
  }
}