{
  "subject": "high_school_microeconomics",
  "total_questions": 10,
  "correct_count": 6,
  "wrong_count": 4,
  "accuracy_rate": 0.6,
  "answer_not_found": {
    "count": 0,
    "question_indices": []
  },
  "performance_metrics": {
    "avg_prompt_processing_rate_toks_per_sec": 1037.024,
    "avg_token_generation_rate_toks_per_sec": 34.419,
    "total_processed_answers": 10
  },
  "detailed_metrics": {
    "init_time_us": [
      1084527.0,
      1056829.0,
      1068763.0,
      1084158.0,
      1096508.0,
      1069271.0,
      1088522.0,
      1063638.0,
      1095655.0,
      1083085.0
    ],
    "prompt_processing_time_us": [
      149959.0,
      152625.0,
      160453.0,
      154610.0,
      152674.0,
      154494.0,
      154031.0,
      158991.0,
      152893.0,
      151406.0
    ],
    "prompt_processing_rate_toks_per_sec": [
      1047.120361,
      891.265625,
      922.509216,
      1138.952148,
      1009.081726,
      1146.78894,
      947.86731,
      944.287048,
      974.658875,
      1347.708862
    ],
    "token_generation_time_us": [
      114008.0,
      113703.0,
      113902.0,
      491776.0,
      113812.0,
      114998.0,
      114810.0,
      114469.0,
      112694.0,
      113883.0
    ],
    "token_generation_rate_toks_per_sec": [
      35.085258,
      35.180298,
      35.118526,
      28.468941,
      35.145679,
      34.783817,
      34.840778,
      34.944263,
      35.494976,
      35.124691
    ]
  }
}