{
  "subject": "high_school_biology",
  "total_questions": 11,
  "correct_count": 7,
  "wrong_count": 4,
  "accuracy_rate": 0.6364,
  "answer_not_found": {
    "count": 0,
    "question_indices": []
  },
  "performance_metrics": {
    "avg_prompt_processing_rate_toks_per_sec": 1127.67,
    "avg_token_generation_rate_toks_per_sec": 35.304,
    "total_processed_answers": 11
  },
  "detailed_metrics": {
    "init_time_us": [
      1092061.0,
      1028327.0,
      1033321.0,
      1073413.0,
      1035035.0,
      1040463.0,
      1055322.0,
      1055397.0,
      1060746.0,
      1052748.0,
      1037836.0
    ],
    "prompt_processing_time_us": [
      152676.0,
      150360.0,
      152660.0,
      150802.0,
      151676.0,
      155201.0,
      150824.0,
      155719.0,
      149560.0,
      169149.0,
      153638.0
    ],
    "prompt_processing_rate_toks_per_sec": [
      1041.666626,
      1243.781128,
      1068.376099,
      1360.544189,
      1161.440186,
      1102.535889,
      1366.120239,
      931.966431,
      896.057373,
      1052.631592,
      1179.245239
    ],
    "token_generation_time_us": [
      111807.0,
      113651.0,
      113948.0,
      112923.0,
      113678.0,
      112929.0,
      114157.0,
      112844.0,
      112968.0,
      113481.0,
      113978.0
    ],
    "token_generation_rate_toks_per_sec": [
      35.776894,
      35.196396,
      35.103733,
      35.423309,
      35.187725,
      35.420799,
      35.039772,
      35.447166,
      35.408257,
      35.248501,
      35.095108
    ]
  }
}