{
  "subject": "high_school_world_history",
  "total_questions": 6,
  "correct_count": 1,
  "wrong_count": 5,
  "accuracy_rate": 0.1667,
  "answer_not_found": {
    "count": 0,
    "question_indices": []
  },
  "performance_metrics": {
    "avg_prompt_processing_rate_toks_per_sec": 1420.509,
    "avg_token_generation_rate_toks_per_sec": 35.283,
    "total_processed_answers": 6
  },
  "detailed_metrics": {
    "init_time_us": [
      1059059.0,
      1060466.0,
      1039724.0,
      1057707.0,
      1033419.0,
      1005388.0
    ],
    "prompt_processing_time_us": [
      226430.0,
      227441.0,
      226021.0,
      223746.0,
      227951.0,
      300780.0
    ],
    "prompt_processing_rate_toks_per_sec": [
      1400.560181,
      1420.45459,
      1536.098267,
      1499.250366,
      1298.701294,
      1367.989014
    ],
    "token_generation_time_us": [
      113306.0,
      112107.0,
      113322.0,
      111987.0,
      115369.0,
      114212.0
    ],
    "token_generation_rate_toks_per_sec": [
      35.303253,
      35.681152,
      35.298271,
      35.719387,
      34.671658,
      35.022591
    ]
  }
}