{
  "subject": "high_school_geography",
  "total_questions": 6,
  "correct_count": 4,
  "wrong_count": 2,
  "accuracy_rate": 0.6667,
  "answer_not_found": {
    "count": 0,
    "question_indices": []
  },
  "performance_metrics": {
    "avg_prompt_processing_rate_toks_per_sec": 1004.621,
    "avg_token_generation_rate_toks_per_sec": 34.989,
    "total_processed_answers": 6
  },
  "detailed_metrics": {
    "init_time_us": [
      1060252.0,
      1083605.0,
      1045230.0,
      1054684.0,
      1130973.0,
      1101317.0
    ],
    "prompt_processing_time_us": [
      151970.0,
      152380.0,
      153180.0,
      153173.0,
      154171.0,
      153211.0
    ],
    "prompt_processing_rate_toks_per_sec": [
      1158.748535,
      931.966431,
      907.44104,
      1044.932129,
      1063.829834,
      920.810303
    ],
    "token_generation_time_us": [
      113967.0,
      113302.0,
      118152.0,
      113021.0,
      112821.0,
      114849.0
    ],
    "token_generation_rate_toks_per_sec": [
      35.098804,
      35.304501,
      33.854694,
      35.391968,
      35.454708,
      34.828644
    ]
  }
}