{
  "subject": "high_school_statistics",
  "total_questions": 5,
  "correct_count": 4,
  "wrong_count": 1,
  "accuracy_rate": 0.8,
  "answer_not_found": {
    "count": 0,
    "question_indices": []
  },
  "performance_metrics": {
    "avg_prompt_processing_rate_toks_per_sec": 1219.203,
    "avg_token_generation_rate_toks_per_sec": 35.333,
    "total_processed_answers": 5
  },
  "detailed_metrics": {
    "init_time_us": [
      1048364.0,
      1033381.0,
      1108984.0,
      1075827.0,
      1091523.0
    ],
    "prompt_processing_time_us": [
      224983.0,
      227789.0,
      155084.0,
      155715.0,
      154255.0
    ],
    "prompt_processing_rate_toks_per_sec": [
      1222.493896,
      1221.001221,
      1161.440186,
      1349.52771,
      1141.55249
    ],
    "token_generation_time_us": [
      112345.0,
      113013.0,
      114666.0,
      113373.0,
      112674.0
    ],
    "token_generation_rate_toks_per_sec": [
      35.604927,
      35.39447,
      34.884533,
      35.282082,
      35.501278
    ]
  }
}