{
  "subject": "high_school_european_history",
  "total_questions": 8,
  "correct_count": 4,
  "wrong_count": 4,
  "accuracy_rate": 0.5,
  "answer_not_found": {
    "count": 0,
    "question_indices": []
  },
  "performance_metrics": {
    "avg_prompt_processing_rate_toks_per_sec": 1456.151,
    "avg_token_generation_rate_toks_per_sec": 35.155,
    "total_processed_answers": 8
  },
  "detailed_metrics": {
    "init_time_us": [
      1026493.0,
      1046399.0,
      1059655.0,
      1032972.0,
      1033165.0,
      1041208.0,
      1019654.0,
      1014471.0
    ],
    "prompt_processing_time_us": [
      447392.0,
      225029.0,
      149999.0,
      302177.0,
      377689.0,
      299469.0,
      302121.0,
      228043.0
    ],
    "prompt_processing_rate_toks_per_sec": [
      1522.070068,
      1329.787231,
      1594.896362,
      1666.666626,
      1367.989014,
      1386.962524,
      1543.209839,
      1237.623779
    ],
    "token_generation_time_us": [
      112740.0,
      113424.0,
      113446.0,
      114589.0,
      115276.0,
      115163.0,
      113498.0,
      112192.0
    ],
    "token_generation_rate_toks_per_sec": [
      35.479866,
      35.265903,
      35.259689,
      34.907669,
      34.699329,
      34.734283,
      35.243534,
      35.653168
    ]
  }
}