{
  "subject": "high_school_mathematics",
  "total_questions": 13,
  "correct_count": 3,
  "wrong_count": 10,
  "accuracy_rate": 0.2308,
  "answer_not_found": {
    "count": 0,
    "question_indices": []
  },
  "performance_metrics": {
    "avg_prompt_processing_rate_toks_per_sec": 1000.447,
    "avg_token_generation_rate_toks_per_sec": 31.735,
    "total_processed_answers": 13
  },
  "detailed_metrics": {
    "init_time_us": [
      1066949.0,
      1146830.0,
      1037531.0,
      1049380.0,
      1070106.0,
      1039617.0,
      1079548.0,
      1028862.0,
      1050171.0,
      1080926.0,
      1073951.0,
      1078946.0,
      1098601.0
    ],
    "prompt_processing_time_us": [
      151118.0,
      329138.0,
      151175.0,
      152262.0,
      155343.0,
      155396.0,
      151932.0,
      151574.0,
      152976.0,
      156130.0,
      155267.0,
      153233.0,
      337908.0
    ],
    "prompt_processing_rate_toks_per_sec": [
      1165.501221,
      449.84256,
      1416.430542,
      919.963196,
      966.183594,
      1082.251099,
      1179.245239,
      1095.290283,
      1262.626221,
      858.36908,
      1082.251099,
      1024.59021,
      503.271271
    ],
    "token_generation_time_us": [
      113453.0,
      210872.0,
      114697.0,
      114494.0,
      114434.0,
      114374.0,
      114331.0,
      114674.0,
      11299959.0,
      114637.0,
      112909.0,
      115853.0,
      233253.0
    ],
    "token_generation_rate_toks_per_sec": [
      35.257202,
      18.968853,
      34.874798,
      34.936939,
      34.955257,
      34.973595,
      34.987053,
      34.882099,
      26.725821,
      34.893051,
      35.427074,
      34.52681,
      17.148834
    ]
  }
}