{
  "subject": "high_school_psychology",
  "total_questions": 11,
  "correct_count": 8,
  "wrong_count": 3,
  "accuracy_rate": 0.7273,
  "answer_not_found": {
    "count": 0,
    "question_indices": []
  },
  "performance_metrics": {
    "avg_prompt_processing_rate_toks_per_sec": 912.157,
    "avg_token_generation_rate_toks_per_sec": 33.336,
    "total_processed_answers": 11
  },
  "detailed_metrics": {
    "init_time_us": [
      1056061.0,
      1089793.0,
      1054416.0,
      1065298.0,
      1082455.0,
      1091001.0,
      1088897.0,
      1078906.0,
      1078594.0,
      1070209.0,
      1051362.0
    ],
    "prompt_processing_time_us": [
      154369.0,
      335336.0,
      152508.0,
      152874.0,
      162773.0,
      151870.0,
      154534.0,
      155437.0,
      152168.0,
      151408.0,
      151379.0
    ],
    "prompt_processing_rate_toks_per_sec": [
      919.963196,
      524.934387,
      1049.317993,
      909.918091,
      836.120422,
      988.142273,
      1081.081055,
      894.454407,
      887.311462,
      1050.420166,
      892.060669
    ],
    "token_generation_time_us": [
      121679.0,
      223180.0,
      112534.0,
      114438.0,
      113347.0,
      114607.0,
      112789.0,
      114481.0,
      113586.0,
      115610.0,
      114350.0
    ],
    "token_generation_rate_toks_per_sec": [
      32.874191,
      17.922752,
      35.545444,
      34.954037,
      35.290794,
      34.902794,
      35.464767,
      34.940601,
      35.216228,
      34.599682,
      34.980934
    ]
  }
}