{
  "subject": "high_school_psychology",
  "total_questions": 11,
  "correct_count": 8,
  "wrong_count": 3,
  "accuracy_rate": 0.7273,
  "answer_not_found": {
    "count": 0,
    "question_indices": []
  },
  "performance_metrics": {
    "avg_prompt_processing_rate_toks_per_sec": 924.865,
    "avg_token_generation_rate_toks_per_sec": 33.589,
    "total_processed_answers": 11
  },
  "detailed_metrics": {
    "init_time_us": [
      1044617.0,
      1017843.0,
      1031250.0,
      1047018.0,
      1045257.0,
      1050436.0,
      1045494.0,
      1045204.0,
      1042043.0,
      1042036.0,
      1127506.0
    ],
    "prompt_processing_time_us": [
      150555.0,
      152922.0,
      151738.0,
      154654.0,
      151205.0,
      149724.0,
      337211.0,
      151216.0,
      154533.0,
      152534.0,
      151742.0
    ],
    "prompt_processing_rate_toks_per_sec": [
      943.39624,
      1152.07373,
      1054.852295,
      899.280579,
      900.090027,
      1002.004028,
      495.294708,
      919.963196,
      874.125854,
      1042.752808,
      889.679688
    ],
    "token_generation_time_us": [
      111170.0,
      113006.0,
      114532.0,
      113428.0,
      112713.0,
      113901.0,
      228101.0,
      113405.0,
      113597.0,
      115985.0,
      114955.0
    ],
    "token_generation_rate_toks_per_sec": [
      35.981579,
      35.396976,
      34.924736,
      35.26466,
      35.488678,
      35.118526,
      17.536169,
      35.272125,
      35.212509,
      34.487514,
      34.797134
    ]
  }
}