{
  "subject": "high_school_european_history",
  "total_questions": 8,
  "correct_count": 4,
  "wrong_count": 4,
  "accuracy_rate": 0.5,
  "answer_not_found": {
    "count": 0,
    "question_indices": []
  },
  "performance_metrics": {
    "avg_prompt_processing_rate_toks_per_sec": 1446.693,
    "avg_token_generation_rate_toks_per_sec": 35.188,
    "total_processed_answers": 8
  },
  "detailed_metrics": {
    "init_time_us": [
      1045588.0,
      1027158.0,
      1102332.0,
      1043779.0,
      1077771.0,
      1069766.0,
      1082581.0,
      1095882.0
    ],
    "prompt_processing_time_us": [
      449265.0,
      226674.0,
      154628.0,
      300210.0,
      376974.0,
      301681.0,
      301474.0,
      231604.0
    ],
    "prompt_processing_rate_toks_per_sec": [
      1515.151489,
      1319.26123,
      1547.987671,
      1677.852295,
      1369.863037,
      1377.410522,
      1547.987671,
      1218.026855
    ],
    "token_generation_time_us": [
      111961.0,
      116186.0,
      114212.0,
      115027.0,
      112366.0,
      113814.0,
      112678.0,
      113285.0
    ],
    "token_generation_rate_toks_per_sec": [
      35.727047,
      34.42815,
      35.022591,
      34.775352,
      35.598591,
      35.145679,
      35.500019,
      35.309486
    ]
  }
}