{
  "subject": "high_school_physics",
  "total_questions": 8,
  "correct_count": 2,
  "wrong_count": 6,
  "accuracy_rate": 0.25,
  "answer_not_found": {
    "count": 1,
    "question_indices": [
      2
    ]
  },
  "performance_metrics": {
    "avg_prompt_processing_rate_toks_per_sec": 1174.336,
    "avg_token_generation_rate_toks_per_sec": 34.038,
    "total_processed_answers": 8
  },
  "detailed_metrics": {
    "init_time_us": [
      1024787.0,
      1051263.0,
      1050316.0,
      1103002.0,
      1092575.0,
      1082072.0,
      1061661.0,
      1147224.0
    ],
    "prompt_processing_time_us": [
      154601.0,
      153296.0,
      157576.0,
      154950.0,
      155752.0,
      153374.0,
      152416.0,
      154478.0
    ],
    "prompt_processing_rate_toks_per_sec": [
      1138.952148,
      1050.420166,
      1453.488403,
      962.463928,
      996.01593,
      1265.822754,
      1050.420166,
      1477.104858
    ],
    "token_generation_time_us": [
      115839.0,
      114843.0,
      1840515.0,
      113383.0,
      115053.0,
      114247.0,
      112139.0,
      114132.0
    ],
    "token_generation_rate_toks_per_sec": [
      34.531578,
      34.83107,
      27.166531,
      35.279591,
      34.766888,
      35.012779,
      35.670971,
      35.047138
    ]
  }
}