{
  "subject": "high_school_biology",
  "total_questions": 11,
  "correct_count": 7,
  "wrong_count": 4,
  "accuracy_rate": 0.6364,
  "answer_not_found": {
    "count": 0,
    "question_indices": []
  },
  "performance_metrics": {
    "avg_prompt_processing_rate_toks_per_sec": 1085.74,
    "avg_token_generation_rate_toks_per_sec": 33.551,
    "total_processed_answers": 11
  },
  "detailed_metrics": {
    "init_time_us": [
      1044612.0,
      1085716.0,
      1117377.0,
      1086869.0,
      1077279.0,
      1077218.0,
      1068526.0,
      1081068.0,
      1052580.0,
      1113849.0,
      1072649.0
    ],
    "prompt_processing_time_us": [
      154758.0,
      151571.0,
      155240.0,
      153199.0,
      152129.0,
      153779.0,
      150970.0,
      335358.0,
      150075.0,
      153303.0,
      155030.0
    ],
    "prompt_processing_rate_toks_per_sec": [
      1027.749268,
      1234.567871,
      1050.420166,
      1338.68811,
      1157.407349,
      1112.347046,
      1366.120239,
      432.52594,
      893.655029,
      1161.440186,
      1168.224243
    ],
    "token_generation_time_us": [
      113806.0,
      114219.0,
      113751.0,
      114050.0,
      114435.0,
      113040.0,
      114140.0,
      212959.0,
      114617.0,
      116036.0,
      113922.0
    ],
    "token_generation_rate_toks_per_sec": [
      35.148148,
      35.021362,
      35.165455,
      35.072952,
      34.955257,
      35.385704,
      35.044682,
      18.783222,
      34.899143,
      34.472061,
      35.112358
    ]
  }
}