{
  "subject": "logical_fallacies",
  "total_questions": 5,
  "correct_count": 3,
  "wrong_count": 2,
  "accuracy_rate": 0.6,
  "answer_not_found": {
    "count": 0,
    "question_indices": []
  },
  "performance_metrics": {
    "avg_prompt_processing_rate_toks_per_sec": 853.996,
    "avg_token_generation_rate_toks_per_sec": 31.785,
    "total_processed_answers": 5
  },
  "detailed_metrics": {
    "init_time_us": [
      1036089.0,
      1058837.0,
      1076879.0,
      1091333.0,
      1081909.0
    ],
    "prompt_processing_time_us": [
      153102.0,
      152690.0,
      336131.0,
      152283.0,
      151439.0
    ],
    "prompt_processing_rate_toks_per_sec": [
      1013.171204,
      910.746826,
      455.373413,
      932.835815,
      957.854431
    ],
    "token_generation_time_us": [
      113622.0,
      115110.0,
      213234.0,
      114625.0,
      113271.0
    ],
    "token_generation_rate_toks_per_sec": [
      35.20507,
      34.749973,
      18.758911,
      34.896706,
      35.314476
    ]
  }
}