{
  "subject": "logical_fallacies",
  "total_questions": 5,
  "correct_count": 3,
  "wrong_count": 2,
  "accuracy_rate": 0.6,
  "answer_not_found": {
    "count": 0,
    "question_indices": []
  },
  "performance_metrics": {
    "avg_prompt_processing_rate_toks_per_sec": 859.631,
    "avg_token_generation_rate_toks_per_sec": 30.906,
    "total_processed_answers": 5
  },
  "detailed_metrics": {
    "init_time_us": [
      1041954.0,
      1027169.0,
      1037273.0,
      1064349.0,
      1047807.0
    ],
    "prompt_processing_time_us": [
      154687.0,
      154077.0,
      153429.0,
      330146.0,
      150398.0
    ],
    "prompt_processing_rate_toks_per_sec": [
      1003.009033,
      902.5271,
      998.003967,
      430.292603,
      964.320129
    ],
    "token_generation_time_us": [
      115134.0,
      116695.0,
      119608.0,
      238834.0,
      113251.0
    ],
    "token_generation_rate_toks_per_sec": [
      34.742729,
      34.278271,
      33.442577,
      16.748175,
      35.320713
    ]
  }
}