{
  "subject": "miscellaneous",
  "total_questions": 15,
  "correct_count": 10,
  "wrong_count": 5,
  "accuracy_rate": 0.6667,
  "answer_not_found": {
    "count": 0,
    "question_indices": []
  },
  "performance_metrics": {
    "avg_prompt_processing_rate_toks_per_sec": 927.617,
    "avg_token_generation_rate_toks_per_sec": 33.969,
    "total_processed_answers": 15
  },
  "detailed_metrics": {
    "init_time_us": [
      1070859.0,
      1040318.0,
      1043148.0,
      1020924.0,
      1074395.0,
      1027531.0,
      1026868.0,
      1040042.0,
      1066087.0,
      1015587.0,
      1055717.0,
      1034656.0,
      1048255.0,
      1025056.0,
      1053851.0
    ],
    "prompt_processing_time_us": [
      150431.0,
      77155.0,
      150625.0,
      151219.0,
      154512.0,
      152028.0,
      151750.0,
      155598.0,
      330960.0,
      151621.0,
      152124.0,
      149769.0,
      152460.0,
      152907.0,
      153542.0
    ],
    "prompt_processing_rate_toks_per_sec": [
      917.431213,
      1620.745483,
      863.557861,
      886.524841,
      997.008972,
      960.614807,
      883.392212,
      868.055542,
      423.011841,
      930.232544,
      1006.036194,
      955.109863,
      885.739563,
      863.557861,
      853.24231
    ],
    "token_generation_time_us": [
      113452.0,
      111699.0,
      113229.0,
      115169.0,
      113907.0,
      113108.0,
      114597.0,
      116734.0,
      227127.0,
      113141.0,
      114466.0,
      114042.0,
      115262.0,
      112005.0,
      113150.0
    ],
    "token_generation_rate_toks_per_sec": [
      35.257202,
      35.811489,
      35.32695,
      34.731869,
      35.11729,
      35.364429,
      34.905231,
      34.266525,
      17.611525,
      35.354427,
      34.945484,
      35.075413,
      34.704147,
      35.713009,
      35.351929
    ]
  }
}