{
  "subject": "miscellaneous",
  "total_questions": 15,
  "correct_count": 10,
  "wrong_count": 5,
  "accuracy_rate": 0.6667,
  "answer_not_found": {
    "count": 0,
    "question_indices": []
  },
  "performance_metrics": {
    "avg_prompt_processing_rate_toks_per_sec": 885.964,
    "avg_token_generation_rate_toks_per_sec": 32.916,
    "total_processed_answers": 15
  },
  "detailed_metrics": {
    "init_time_us": [
      1055246.0,
      1086230.0,
      1091436.0,
      1045315.0,
      1064933.0,
      1097917.0,
      1068795.0,
      1052740.0,
      1069690.0,
      1088221.0,
      1077039.0,
      1070145.0,
      1104214.0,
      1051398.0,
      1040202.0
    ],
    "prompt_processing_time_us": [
      149915.0,
      82230.0,
      151860.0,
      151394.0,
      152765.0,
      334062.0,
      152926.0,
      150819.0,
      153357.0,
      158122.0,
      151273.0,
      152561.0,
      332829.0,
      153513.0,
      151536.0
    ],
    "prompt_processing_rate_toks_per_sec": [
      920.810303,
      1522.070068,
      856.164368,
      885.739563,
      1009.081726,
      437.062927,
      876.424194,
      895.255127,
      913.242004,
      892.060669,
      1012.145752,
      938.086304,
      405.679504,
      860.585205,
      865.05188
    ],
    "token_generation_time_us": [
      115774.0,
      113893.0,
      114126.0,
      114998.0,
      115029.0,
      232330.0,
      114457.0,
      111265.0,
      112909.0,
      111119.0,
      113977.0,
      113454.0,
      209315.0,
      113519.0,
      113549.0
    ],
    "token_generation_rate_toks_per_sec": [
      34.550667,
      35.120991,
      35.049595,
      34.783817,
      34.774143,
      17.217037,
      34.947929,
      35.950531,
      35.427074,
      35.998417,
      35.095108,
      35.257202,
      19.110228,
      35.237324,
      35.227394
    ]
  }
}