{
  "subject": "miscellaneous",
  "total_questions": 15,
  "correct_count": 10,
  "wrong_count": 5,
  "accuracy_rate": 0.6667,
  "answer_not_found": {
    "count": 0,
    "question_indices": []
  },
  "performance_metrics": {
    "avg_prompt_processing_rate_toks_per_sec": 920.788,
    "avg_token_generation_rate_toks_per_sec": 33.973,
    "total_processed_answers": 15
  },
  "detailed_metrics": {
    "init_time_us": [
      1071820.0,
      1076646.0,
      1099530.0,
      1081067.0,
      1109698.0,
      1075848.0,
      1067648.0,
      1090138.0,
      1069634.0,
      1041804.0,
      1113106.0,
      1070563.0,
      1056182.0,
      1099697.0,
      1071373.0
    ],
    "prompt_processing_time_us": [
      154548.0,
      77386.0,
      156240.0,
      155217.0,
      153374.0,
      151305.0,
      155643.0,
      333446.0,
      150683.0,
      156132.0,
      150608.0,
      153173.0,
      155963.0,
      155050.0,
      150680.0
    ],
    "prompt_processing_rate_toks_per_sec": [
      893.655029,
      1615.508911,
      832.639465,
      863.557861,
      1005.025146,
      965.250977,
      861.326416,
      405.022278,
      929.368042,
      903.342346,
      1016.260193,
      933.706787,
      865.800842,
      851.788757,
      869.565247
    ],
    "token_generation_time_us": [
      112683.0,
      116776.0,
      114554.0,
      114440.0,
      113616.0,
      114921.0,
      115009.0,
      216281.0,
      113389.0,
      113546.0,
      113871.0,
      112979.0,
      113533.0,
      114376.0,
      112867.0
    ],
    "token_generation_rate_toks_per_sec": [
      35.498756,
      34.253613,
      34.91864,
      34.952812,
      35.20631,
      34.806824,
      34.78019,
      18.494545,
      35.277103,
      35.228634,
      35.128395,
      35.40575,
      35.232357,
      34.97237,
      35.440884
    ]
  }
}