{
  "subject": "nutrition",
  "total_questions": 10,
  "correct_count": 6,
  "wrong_count": 4,
  "accuracy_rate": 0.6,
  "answer_not_found": {
    "count": 0,
    "question_indices": []
  },
  "performance_metrics": {
    "avg_prompt_processing_rate_toks_per_sec": 1142.572,
    "avg_token_generation_rate_toks_per_sec": 35.057,
    "total_processed_answers": 10
  },
  "detailed_metrics": {
    "init_time_us": [
      1045092.0,
      1008353.0,
      1040825.0,
      1060936.0,
      989765.0,
      1043575.0,
      1064054.0,
      1053195.0,
      1078884.0,
      1078210.0
    ],
    "prompt_processing_time_us": [
      153378.0,
      150362.0,
      76103.0,
      151132.0,
      154568.0,
      154417.0,
      152910.0,
      155837.0,
      151487.0,
      154955.0
    ],
    "prompt_processing_rate_toks_per_sec": [
      1135.07373,
      904.977356,
      1683.501709,
      1324.503296,
      938.967163,
      894.454407,
      1053.740723,
      1277.13916,
      1083.423584,
      1129.943481
    ],
    "token_generation_time_us": [
      112171.0,
      113529.0,
      112571.0,
      116739.0,
      113311.0,
      114409.0,
      114345.0,
      116202.0,
      113712.0,
      114192.0
    ],
    "token_generation_rate_toks_per_sec": [
      35.660793,
      35.233601,
      35.534077,
      34.26535,
      35.30201,
      34.962589,
      34.982159,
      34.423409,
      35.176586,
      35.028725
    ]
  }
}