{
  "subject": "nutrition",
  "total_questions": 10,
  "correct_count": 6,
  "wrong_count": 4,
  "accuracy_rate": 0.6,
  "answer_not_found": {
    "count": 0,
    "question_indices": []
  },
  "performance_metrics": {
    "avg_prompt_processing_rate_toks_per_sec": 1136.926,
    "avg_token_generation_rate_toks_per_sec": 35.051,
    "total_processed_answers": 10
  },
  "detailed_metrics": {
    "init_time_us": [
      1062744.0,
      1091766.0,
      1061353.0,
      1042818.0,
      1059203.0,
      1051731.0,
      1105772.0,
      1055772.0,
      1004932.0,
      1061726.0
    ],
    "prompt_processing_time_us": [
      151464.0,
      151175.0,
      76586.0,
      154076.0,
      153860.0,
      153461.0,
      153125.0,
      156060.0,
      151772.0,
      159391.0
    ],
    "prompt_processing_rate_toks_per_sec": [
      1149.425293,
      900.090027,
      1672.240845,
      1298.701294,
      942.50708,
      899.280579,
      1051.524658,
      1275.510254,
      1081.081055,
      1098.901123
    ],
    "token_generation_time_us": [
      114624.0,
      113792.0,
      111467.0,
      113684.0,
      114513.0,
      114912.0,
      113450.0,
      118729.0,
      113134.0,
      113184.0
    ],
    "token_generation_rate_toks_per_sec": [
      34.896706,
      35.151855,
      35.886024,
      35.185249,
      34.930836,
      34.809246,
      35.258446,
      33.690453,
      35.35693,
      35.340683
    ]
  }
}