{
  "subject": "nutrition",
  "total_questions": 10,
  "correct_count": 6,
  "wrong_count": 4,
  "accuracy_rate": 0.6,
  "answer_not_found": {
    "count": 0,
    "question_indices": []
  },
  "performance_metrics": {
    "avg_prompt_processing_rate_toks_per_sec": 1134.905,
    "avg_token_generation_rate_toks_per_sec": 34.975,
    "total_processed_answers": 10
  },
  "detailed_metrics": {
    "init_time_us": [
      1053854.0,
      1113359.0,
      1059318.0,
      1098245.0,
      1041280.0,
      1100879.0,
      1109600.0,
      1043560.0,
      1056888.0,
      1057346.0
    ],
    "prompt_processing_time_us": [
      152108.0,
      153292.0,
      80821.0,
      153790.0,
      153282.0,
      151281.0,
      153597.0,
      150985.0,
      153578.0,
      154147.0
    ],
    "prompt_processing_rate_toks_per_sec": [
      1144.164795,
      887.311462,
      1584.786011,
      1302.083374,
      946.073792,
      912.408752,
      1048.218018,
      1319.26123,
      1068.376099,
      1136.363647
    ],
    "token_generation_time_us": [
      114726.0,
      114441.0,
      113932.0,
      114076.0,
      114239.0,
      116942.0,
      112257.0,
      114183.0,
      113559.0,
      115438.0
    ],
    "token_generation_rate_toks_per_sec": [
      34.866287,
      34.952812,
      35.108662,
      35.064342,
      35.015232,
      34.205574,
      35.632839,
      35.032406,
      35.224911,
      34.651234
    ]
  }
}