{
  "subject": "philosophy",
  "total_questions": 8,
  "correct_count": 3,
  "wrong_count": 5,
  "accuracy_rate": 0.375,
  "answer_not_found": {
    "count": 0,
    "question_indices": []
  },
  "performance_metrics": {
    "avg_prompt_processing_rate_toks_per_sec": 950.044,
    "avg_token_generation_rate_toks_per_sec": 35.027,
    "total_processed_answers": 8
  },
  "detailed_metrics": {
    "init_time_us": [
      1074200.0,
      1033862.0,
      1037271.0,
      1051365.0,
      1053965.0,
      1012076.0,
      1106536.0,
      1087434.0
    ],
    "prompt_processing_time_us": [
      151842.0,
      150231.0,
      153107.0,
      151018.0,
      149393.0,
      151358.0,
      153327.0,
      153489.0
    ],
    "prompt_processing_rate_toks_per_sec": [
      909.090881,
      931.966431,
      914.913086,
      1000.0,
      870.322021,
      1011.122375,
      992.063477,
      970.873779
    ],
    "token_generation_time_us": [
      114058.0,
      113880.0,
      114274.0,
      114975.0,
      114523.0,
      113342.0,
      114144.0,
      114422.0
    ],
    "token_generation_rate_toks_per_sec": [
      35.070492,
      35.124691,
      35.0042,
      34.79108,
      34.928398,
      35.292042,
      35.043453,
      34.958923
    ]
  }
}