{
  "subject": "philosophy",
  "total_questions": 8,
  "correct_count": 3,
  "wrong_count": 5,
  "accuracy_rate": 0.375,
  "answer_not_found": {
    "count": 0,
    "question_indices": []
  },
  "performance_metrics": {
    "avg_prompt_processing_rate_toks_per_sec": 934.134,
    "avg_token_generation_rate_toks_per_sec": 35.085,
    "total_processed_answers": 8
  },
  "detailed_metrics": {
    "init_time_us": [
      1098164.0,
      1102717.0,
      1050077.0,
      1061114.0,
      1098541.0,
      1078473.0,
      1067770.0,
      1038692.0
    ],
    "prompt_processing_time_us": [
      154544.0,
      161758.0,
      152551.0,
      154099.0,
      151259.0,
      153312.0,
      154103.0,
      153735.0
    ],
    "prompt_processing_rate_toks_per_sec": [
      893.655029,
      865.800842,
      918.273621,
      980.392151,
      859.845215,
      998.003967,
      987.166809,
      969.932129
    ],
    "token_generation_time_us": [
      113217.0,
      112945.0,
      114276.0,
      113256.0,
      114051.0,
      113769.0,
      113863.0,
      116784.0
    ],
    "token_generation_rate_toks_per_sec": [
      35.330696,
      35.415783,
      35.002975,
      35.318218,
      35.072952,
      35.159271,
      35.130863,
      34.251266
    ]
  }
}