{
  "subject": "philosophy",
  "total_questions": 8,
  "correct_count": 3,
  "wrong_count": 5,
  "accuracy_rate": 0.375,
  "answer_not_found": {
    "count": 0,
    "question_indices": []
  },
  "performance_metrics": {
    "avg_prompt_processing_rate_toks_per_sec": 949.69,
    "avg_token_generation_rate_toks_per_sec": 35.229,
    "total_processed_answers": 8
  },
  "detailed_metrics": {
    "init_time_us": [
      1072822.0,
      1065585.0,
      1104160.0,
      1047176.0,
      1054520.0,
      1066983.0,
      1069349.0,
      1089072.0
    ],
    "prompt_processing_time_us": [
      151889.0,
      150905.0,
      151938.0,
      153589.0,
      151306.0,
      152636.0,
      151613.0,
      150731.0
    ],
    "prompt_processing_rate_toks_per_sec": [
      909.090881,
      928.505127,
      921.658997,
      983.28418,
      859.845215,
      1003.009033,
      1003.009033,
      989.11969
    ],
    "token_generation_time_us": [
      113566.0,
      112623.0,
      113148.0,
      113467.0,
      114100.0,
      113971.0,
      113753.0,
      113751.0
    ],
    "token_generation_rate_toks_per_sec": [
      35.222431,
      35.51767,
      35.351929,
      35.253471,
      35.056969,
      35.097572,
      35.164215,
      35.165455
    ]
  }
}