{
  "subject": "prehistory",
  "total_questions": 11,
  "correct_count": 7,
  "wrong_count": 4,
  "accuracy_rate": 0.6364,
  "answer_not_found": {
    "count": 0,
    "question_indices": []
  },
  "performance_metrics": {
    "avg_prompt_processing_rate_toks_per_sec": 1154.132,
    "avg_token_generation_rate_toks_per_sec": 35.03,
    "total_processed_answers": 11
  },
  "detailed_metrics": {
    "init_time_us": [
      1050439.0,
      1061085.0,
      1086334.0,
      1084281.0,
      1077475.0,
      1061859.0,
      1079673.0,
      1051156.0,
      1068032.0,
      1069884.0,
      1073030.0
    ],
    "prompt_processing_time_us": [
      152526.0,
      152421.0,
      151207.0,
      153561.0,
      153748.0,
      150974.0,
      153312.0,
      153424.0,
      157750.0,
      153736.0,
      155107.0
    ],
    "prompt_processing_rate_toks_per_sec": [
      931.098694,
      1194.743164,
      1250.0,
      1564.94519,
      1177.856323,
      888.099487,
      874.125854,
      1329.787231,
      1027.749268,
      1373.626343,
      1083.423584
    ],
    "token_generation_time_us": [
      113742.0,
      113969.0,
      114034.0,
      113855.0,
      115034.0,
      114204.0,
      115061.0,
      114363.0,
      113658.0,
      114650.0,
      113544.0
    ],
    "token_generation_rate_toks_per_sec": [
      35.167927,
      35.097572,
      35.077873,
      35.133331,
      34.772934,
      35.025043,
      34.764469,
      34.977264,
      35.19392,
      34.8894,
      35.228634
    ]
  }
}