{
  "subject": "prehistory",
  "total_questions": 11,
  "correct_count": 7,
  "wrong_count": 4,
  "accuracy_rate": 0.6364,
  "answer_not_found": {
    "count": 0,
    "question_indices": []
  },
  "performance_metrics": {
    "avg_prompt_processing_rate_toks_per_sec": 1160.244,
    "avg_token_generation_rate_toks_per_sec": 34.968,
    "total_processed_answers": 11
  },
  "detailed_metrics": {
    "init_time_us": [
      1077552.0,
      1115085.0,
      1066774.0,
      1104298.0,
      1094522.0,
      1063932.0,
      1088067.0,
      1080611.0,
      1022658.0,
      1071529.0,
      1063575.0
    ],
    "prompt_processing_time_us": [
      151221.0,
      152578.0,
      153174.0,
      152586.0,
      151993.0,
      152325.0,
      155330.0,
      151248.0,
      152974.0,
      153384.0,
      152887.0
    ],
    "prompt_processing_rate_toks_per_sec": [
      939.849609,
      1193.317383,
      1234.567871,
      1574.803101,
      1191.895142,
      880.281677,
      862.812744,
      1349.52771,
      1059.322021,
      1377.410522,
      1098.901123
    ],
    "token_generation_time_us": [
      112918.0,
      119356.0,
      112631.0,
      112642.0,
      113062.0,
      114458.0,
      112524.0,
      113677.0,
      116418.0,
      116629.0,
      114403.0
    ],
    "token_generation_rate_toks_per_sec": [
      35.424564,
      33.513187,
      35.515148,
      35.511364,
      35.379444,
      34.947929,
      35.547974,
      35.187725,
      34.359539,
      34.297081,
      34.965034
    ]
  }
}