{
  "subject": "prehistory",
  "total_questions": 11,
  "correct_count": 7,
  "wrong_count": 4,
  "accuracy_rate": 0.6364,
  "answer_not_found": {
    "count": 0,
    "question_indices": []
  },
  "performance_metrics": {
    "avg_prompt_processing_rate_toks_per_sec": 1018.108,
    "avg_token_generation_rate_toks_per_sec": 31.854,
    "total_processed_answers": 11
  },
  "detailed_metrics": {
    "init_time_us": [
      1042737.0,
      1014130.0,
      1036252.0,
      1033200.0,
      1041901.0,
      1028110.0,
      1053106.0,
      1040890.0,
      1049377.0,
      1048974.0,
      1071005.0
    ],
    "prompt_processing_time_us": [
      151828.0,
      151779.0,
      152366.0,
      333406.0,
      155941.0,
      151006.0,
      151053.0,
      151982.0,
      152154.0,
      332503.0,
      149677.0
    ],
    "prompt_processing_rate_toks_per_sec": [
      935.453674,
      1200.480225,
      1240.694824,
      719.942383,
      1161.440186,
      888.099487,
      887.311462,
      1342.28186,
      1064.962769,
      634.920654,
      1123.595459
    ],
    "token_generation_time_us": [
      115883.0,
      114732.0,
      114430.0,
      216620.0,
      113508.0,
      113817.0,
      114449.0,
      114525.0,
      114067.0,
      229262.0,
      114919.0
    ],
    "token_generation_rate_toks_per_sec": [
      34.518467,
      34.863857,
      34.956478,
      18.465515,
      35.239807,
      35.144444,
      34.950371,
      34.927177,
      35.068031,
      17.447439,
      34.808033
    ]
  }
}