{
  "subject": "professional_medicine",
  "total_questions": 5,
  "correct_count": 2,
  "wrong_count": 3,
  "accuracy_rate": 0.4,
  "answer_not_found": {
    "count": 0,
    "question_indices": []
  },
  "performance_metrics": {
    "avg_prompt_processing_rate_toks_per_sec": 1322.828,
    "avg_token_generation_rate_toks_per_sec": 35.163,
    "total_processed_answers": 5
  },
  "detailed_metrics": {
    "init_time_us": [
      1033803.0,
      1028392.0,
      1127999.0,
      1057703.0,
      1035764.0
    ],
    "prompt_processing_time_us": [
      225158.0,
      228090.0,
      151401.0,
      301439.0,
      152325.0
    ],
    "prompt_processing_rate_toks_per_sec": [
      1257.861694,
      1277.13916,
      1328.02124,
      1338.68811,
      1412.429321
    ],
    "token_generation_time_us": [
      113983.0,
      113507.0,
      114007.0,
      113780.0,
      113509.0
    ],
    "token_generation_rate_toks_per_sec": [
      35.093876,
      35.241047,
      35.086487,
      35.155563,
      35.239807
    ]
  }
}