{
  "subject": "professional_accounting",
  "total_questions": 5,
  "correct_count": 1,
  "wrong_count": 4,
  "accuracy_rate": 0.2,
  "answer_not_found": {
    "count": 0,
    "question_indices": []
  },
  "performance_metrics": {
    "avg_prompt_processing_rate_toks_per_sec": 1095.709,
    "avg_token_generation_rate_toks_per_sec": 30.568,
    "total_processed_answers": 5
  },
  "detailed_metrics": {
    "init_time_us": [
      1024320.0,
      1037895.0,
      1073096.0,
      1051513.0,
      1060874.0
    ],
    "prompt_processing_time_us": [
      226685.0,
      325771.0,
      152110.0,
      153146.0,
      226737.0
    ],
    "prompt_processing_rate_toks_per_sec": [
      1148.105591,
      512.820496,
      1434.720215,
      1209.189819,
      1173.708862
    ],
    "token_generation_time_us": [
      560460.0,
      212668.0,
      113432.0,
      113764.0,
      114090.0
    ],
    "token_generation_rate_toks_per_sec": [
      28.54859,
      18.808659,
      35.263416,
      35.160507,
      35.060654
    ]
  }
}