{
  "subject": "professional_accounting",
  "total_questions": 5,
  "correct_count": 1,
  "wrong_count": 4,
  "accuracy_rate": 0.2,
  "answer_not_found": {
    "count": 0,
    "question_indices": []
  },
  "performance_metrics": {
    "avg_prompt_processing_rate_toks_per_sec": 1194.439,
    "avg_token_generation_rate_toks_per_sec": 33.508,
    "total_processed_answers": 5
  },
  "detailed_metrics": {
    "init_time_us": [
      1130267.0,
      1084361.0,
      1110399.0,
      1097190.0,
      1109264.0
    ],
    "prompt_processing_time_us": [
      227454.0,
      156669.0,
      157130.0,
      153703.0,
      227827.0
    ],
    "prompt_processing_rate_toks_per_sec": [
      1144.164795,
      1066.098022,
      1388.888916,
      1204.819336,
      1168.224243
    ],
    "token_generation_time_us": [
      562864.0,
      117777.0,
      113945.0,
      113994.0,
      114439.0
    ],
    "token_generation_rate_toks_per_sec": [
      28.42605,
      33.962776,
      35.104965,
      35.090183,
      34.954037
    ]
  }
}