{
  "subject": "professional_psychology",
  "total_questions": 13,
  "correct_count": 7,
  "wrong_count": 6,
  "accuracy_rate": 0.5385,
  "answer_not_found": {
    "count": 0,
    "question_indices": []
  },
  "performance_metrics": {
    "avg_prompt_processing_rate_toks_per_sec": 1052.102,
    "avg_token_generation_rate_toks_per_sec": 33.737,
    "total_processed_answers": 13
  },
  "detailed_metrics": {
    "init_time_us": [
      1042487.0,
      1058051.0,
      1076477.0,
      1071776.0,
      1068450.0,
      1112264.0,
      1059022.0,
      1085307.0,
      1075200.0,
      1058363.0,
      1063207.0,
      1070636.0,
      1057828.0
    ],
    "prompt_processing_time_us": [
      152470.0,
      156190.0,
      155225.0,
      153044.0,
      154235.0,
      330226.0,
      151787.0,
      155331.0,
      153798.0,
      153210.0,
      152801.0,
      153729.0,
      154900.0
    ],
    "prompt_processing_rate_toks_per_sec": [
      1135.07373,
      980.392151,
      986.193298,
      987.166809,
      1180.637573,
      411.861603,
      989.11969,
      1650.165039,
      968.992249,
      946.969727,
      1250.0,
      996.01593,
      1194.743164
    ],
    "token_generation_time_us": [
      110889.0,
      113473.0,
      113148.0,
      112894.0,
      113850.0,
      231129.0,
      114250.0,
      114420.0,
      114613.0,
      115129.0,
      116118.0,
      114078.0,
      114616.0
    ],
    "token_generation_rate_toks_per_sec": [
      36.072433,
      35.250988,
      35.351929,
      35.432095,
      35.134567,
      17.306427,
      35.011555,
      34.958923,
      34.90036,
      34.743938,
      34.448311,
      35.064342,
      34.899143
    ]
  }
}