{
  "subject": "professional_psychology",
  "total_questions": 13,
  "correct_count": 7,
  "wrong_count": 6,
  "accuracy_rate": 0.5385,
  "answer_not_found": {
    "count": 0,
    "question_indices": []
  },
  "performance_metrics": {
    "avg_prompt_processing_rate_toks_per_sec": 1099.272,
    "avg_token_generation_rate_toks_per_sec": 35.133,
    "total_processed_answers": 13
  },
  "detailed_metrics": {
    "init_time_us": [
      1037273.0,
      1049023.0,
      1040645.0,
      1086615.0,
      1067647.0,
      1038690.0,
      1033454.0,
      1078179.0,
      1041118.0,
      1047883.0,
      1035677.0,
      1044306.0,
      1038712.0
    ],
    "prompt_processing_time_us": [
      151929.0,
      151383.0,
      151178.0,
      151581.0,
      154827.0,
      152167.0,
      153078.0,
      153963.0,
      150568.0,
      153337.0,
      153073.0,
      150138.0,
      152626.0
    ],
    "prompt_processing_rate_toks_per_sec": [
      1138.952148,
      1011.122375,
      1012.145752,
      997.008972,
      1176.470581,
      894.454407,
      980.392151,
      1663.893555,
      990.098999,
      946.073792,
      1248.439453,
      1019.367981,
      1212.121216
    ],
    "token_generation_time_us": [
      113867.0,
      113919.0,
      113563.0,
      112735.0,
      115374.0,
      114993.0,
      112903.0,
      113228.0,
      111589.0,
      114874.0,
      114587.0,
      112884.0,
      115773.0
    ],
    "token_generation_rate_toks_per_sec": [
      35.129627,
      35.113594,
      35.223671,
      35.482384,
      34.670456,
      34.78503,
      35.429585,
      35.32695,
      35.846149,
      34.821365,
      34.908886,
      35.434605,
      34.550667
    ]
  }
}