{
  "subject": "professional_medicine",
  "total_questions": 5,
  "correct_count": 2,
  "wrong_count": 3,
  "accuracy_rate": 0.4,
  "answer_not_found": {
    "count": 0,
    "question_indices": []
  },
  "performance_metrics": {
    "avg_prompt_processing_rate_toks_per_sec": 1315.643,
    "avg_token_generation_rate_toks_per_sec": 35.126,
    "total_processed_answers": 5
  },
  "detailed_metrics": {
    "init_time_us": [
      1065985.0,
      1080003.0,
      1089159.0,
      1103098.0,
      1060398.0
    ],
    "prompt_processing_time_us": [
      226640.0,
      229250.0,
      154308.0,
      302500.0,
      151476.0
    ],
    "prompt_processing_rate_toks_per_sec": [
      1250.0,
      1270.648071,
      1303.781006,
      1333.333374,
      1420.45459
    ],
    "token_generation_time_us": [
      110889.0,
      115505.0,
      113330.0,
      115780.0,
      114026.0
    ],
    "token_generation_rate_toks_per_sec": [
      36.072433,
      34.630836,
      35.29578,
      34.548283,
      35.080334
    ]
  }
}