{
  "subject": "professional_psychology",
  "total_questions": 13,
  "correct_count": 7,
  "wrong_count": 6,
  "accuracy_rate": 0.5385,
  "answer_not_found": {
    "count": 0,
    "question_indices": []
  },
  "performance_metrics": {
    "avg_prompt_processing_rate_toks_per_sec": 1088.45,
    "avg_token_generation_rate_toks_per_sec": 35.049,
    "total_processed_answers": 13
  },
  "detailed_metrics": {
    "init_time_us": [
      1051562.0,
      1071536.0,
      1071939.0,
      1074460.0,
      1110489.0,
      1118699.0,
      1081925.0,
      1055322.0,
      1101125.0,
      1065167.0,
      1063751.0,
      1127431.0,
      1092629.0
    ],
    "prompt_processing_time_us": [
      155040.0,
      155299.0,
      155577.0,
      155604.0,
      151536.0,
      151713.0,
      151881.0,
      154216.0,
      156872.0,
      149870.0,
      153775.0,
      153984.0,
      155458.0
    ],
    "prompt_processing_rate_toks_per_sec": [
      1116.071411,
      985.22168,
      984.251953,
      970.873779,
      1201.923096,
      896.860962,
      988.142273,
      1661.129517,
      950.570312,
      968.054199,
      1242.236084,
      994.035767,
      1190.476196
    ],
    "token_generation_time_us": [
      114661.0,
      115737.0,
      115861.0,
      115003.0,
      114063.0,
      112919.0,
      113457.0,
      114554.0,
      113234.0,
      113758.0,
      112949.0,
      113480.0,
      114080.0
    ],
    "token_generation_rate_toks_per_sec": [
      34.88575,
      34.561417,
      34.524426,
      34.782608,
      35.069263,
      35.424564,
      35.255959,
      34.91864,
      35.325703,
      35.162979,
      35.414528,
      35.248501,
      35.063114
    ]
  }
}