{
  "subject": "sociology",
  "total_questions": 4,
  "correct_count": 2,
  "wrong_count": 2,
  "accuracy_rate": 0.5,
  "answer_not_found": {
    "count": 0,
    "question_indices": []
  },
  "performance_metrics": {
    "avg_prompt_processing_rate_toks_per_sec": 956.088,
    "avg_token_generation_rate_toks_per_sec": 30.905,
    "total_processed_answers": 4
  },
  "detailed_metrics": {
    "init_time_us": [
      1057755.0,
      1032777.0,
      1034113.0,
      1061493.0
    ],
    "prompt_processing_time_us": [
      151170.0,
      152351.0,
      338241.0,
      154879.0
    ],
    "prompt_processing_rate_toks_per_sec": [
      1204.819336,
      1037.34436,
      387.446716,
      1194.743164
    ],
    "token_generation_time_us": [
      113952.0,
      114072.0,
      209259.0,
      116500.0
    ],
    "token_generation_rate_toks_per_sec": [
      35.102501,
      35.065571,
      19.115341,
      34.334763
    ]
  }
}