{
  "subject": "sociology",
  "total_questions": 4,
  "correct_count": 2,
  "wrong_count": 2,
  "accuracy_rate": 0.5,
  "answer_not_found": {
    "count": 0,
    "question_indices": []
  },
  "performance_metrics": {
    "avg_prompt_processing_rate_toks_per_sec": 1079.873,
    "avg_token_generation_rate_toks_per_sec": 35.184,
    "total_processed_answers": 4
  },
  "detailed_metrics": {
    "init_time_us": [
      1066029.0,
      1064585.0,
      1063064.0,
      1075443.0
    ],
    "prompt_processing_time_us": [
      151005.0,
      151363.0,
      153011.0,
      152712.0
    ],
    "prompt_processing_rate_toks_per_sec": [
      1206.272583,
      1044.932129,
      856.164368,
      1212.121216
    ],
    "token_generation_time_us": [
      113393.0,
      112661.0,
      114224.0,
      114500.0
    ],
    "token_generation_rate_toks_per_sec": [
      35.275856,
      35.505058,
      35.018909,
      34.934498
    ]
  }
}