{
  "subject": "virology",
  "total_questions": 4,
  "correct_count": 2,
  "wrong_count": 2,
  "accuracy_rate": 0.5,
  "answer_not_found": {
    "count": 0,
    "question_indices": []
  },
  "performance_metrics": {
    "avg_prompt_processing_rate_toks_per_sec": 978.635,
    "avg_token_generation_rate_toks_per_sec": 35.154,
    "total_processed_answers": 4
  },
  "detailed_metrics": {
    "init_time_us": [
      1055274.0,
      1108468.0,
      1044169.0,
      1025498.0
    ],
    "prompt_processing_time_us": [
      152515.0,
      152346.0,
      151689.0,
      150806.0
    ],
    "prompt_processing_rate_toks_per_sec": [
      931.098694,
      978.473572,
      943.39624,
      1061.571167
    ],
    "token_generation_time_us": [
      113313.0,
      113940.0,
      114315.0,
      113585.0
    ],
    "token_generation_rate_toks_per_sec": [
      35.300762,
      35.106197,
      34.991951,
      35.216228
    ]
  }
}