{
  "subject": "virology",
  "total_questions": 4,
  "correct_count": 2,
  "wrong_count": 2,
  "accuracy_rate": 0.5,
  "answer_not_found": {
    "count": 0,
    "question_indices": []
  },
  "performance_metrics": {
    "avg_prompt_processing_rate_toks_per_sec": 960.378,
    "avg_token_generation_rate_toks_per_sec": 34.674,
    "total_processed_answers": 4
  },
  "detailed_metrics": {
    "init_time_us": [
      1091285.0,
      1094945.0,
      1068914.0,
      933252.0
    ],
    "prompt_processing_time_us": [
      153965.0,
      154030.0,
      156180.0,
      154697.0
    ],
    "prompt_processing_rate_toks_per_sec": [
      922.509216,
      968.054199,
      915.750916,
      1035.196655
    ],
    "token_generation_time_us": [
      114486.0,
      114761.0,
      116990.0,
      115239.0
    ],
    "token_generation_rate_toks_per_sec": [
      34.939381,
      34.85535,
      34.19154,
      34.711376
    ]
  }
}